,GeoFIPS,GeoName,year,personal_income,county_name,state_alpha
1862,36001,"Albany, NY",2005,11476555,Albany,NY
1863,36003,"Allegany, NY",2005,1148267,Allegany,NY
1864,36005,"Bronx, NY",2005,32553078,Bronx,NY
1865,36007,"Broome, NY",2005,5678460,Broome,NY
1866,36009,"Cattaraugus, NY",2005,2193492,Cattaraugus,NY
1867,36011,"Cayuga, NY",2005,2185755,Cayuga,NY
1868,36013,"Chautauqua, NY",2005,3445350,Chautauqua,NY
1869,36015,"Chemung, NY",2005,2518074,Chemung,NY
1870,36017,"Chenango, NY",2005,1322410,Chenango,NY
1871,36019,"Clinton, NY",2005,2325003,Clinton,NY
1872,36021,"Columbia, NY",2005,2176213,Columbia,NY
1873,36023,"Cortland, NY",2005,1266821,Cortland,NY
1874,36025,"Delaware, NY",2005,1231707,Delaware,NY
1875,36027,"Dutchess, NY",2005,10819629,Dutchess,NY
1876,36029,"Erie, NY",2005,29958058,Erie,NY
1877,36031,"Essex, NY",2005,1078053,Essex,NY
1878,36033,"Franklin, NY",2005,1248691,Franklin,NY
1879,36035,"Fulton, NY",2005,1541627,Fulton,NY
1880,36037,"Genesee, NY",2005,1740390,Genesee,NY
1881,36039,"Greene, NY",2005,1400450,Greene,NY
1882,36041,"Hamilton, NY",2005,157529,Hamilton,NY
1883,36043,"Herkimer, NY",2005,1683623,Herkimer,NY
1884,36045,"Jefferson, NY",2005,3564755,Jefferson,NY
1885,36047,"Kings, NY",2005,69932219,Kings,NY
1886,36049,"Lewis, NY",2005,699320,Lewis,NY
1887,36051,"Livingston, NY",2005,1752431,Livingston,NY
1888,36053,"Madison, NY",2005,2059689,Madison,NY
1889,36055,"Monroe, NY",2005,25636966,Monroe,NY
1890,36057,"Montgomery, NY",2005,1451246,Montgomery,NY
1891,36059,"Nassau, NY",2005,74734437,Nassau,NY
1892,36061,"New York, NY",2005,149667224,New York,NY
1893,36063,"Niagara, NY",2005,6295688,Niagara,NY
1894,36065,"Oneida, NY",2005,6753418,Oneida,NY
1895,36067,"Onondaga, NY",2005,15559199,Onondaga,NY
1896,36069,"Ontario, NY",2005,3424986,Ontario,NY
1897,36071,"Orange, NY",2005,12516598,Orange,NY
1898,36073,"Orleans, NY",2005,1094088,Orleans,NY
1899,36075,"Oswego, NY",2005,3172180,Oswego,NY
1900,36077,"Otsego, NY",2005,1696199,Otsego,NY
1901,36079,"Putnam, NY",2005,4495309,Putnam,NY
1902,36081,"Queens, NY",2005,69971722,Queens,NY
1903,36083,"Rensselaer, NY",2005,5055516,Rensselaer,NY
1904,36085,"Richmond, NY",2005,17706396,Richmond,NY
1905,36087,"Rockland, NY",2005,13159796,Rockland,NY
1906,36089,"St. Lawrence, NY",2005,2658676,St. Lawrence,NY
1907,36091,"Saratoga, NY",2005,8427923,Saratoga,NY
1908,36093,"Schenectady, NY",2005,5735921,Schenectady,NY
1909,36095,"Schoharie, NY",2005,845868,Schoharie,NY
1910,36097,"Schuyler, NY",2005,489106,Schuyler,NY
1911,36099,"Seneca, NY",2005,903127,Seneca,NY
1912,36101,"Steuben, NY",2005,2798677,Steuben,NY
1913,36103,"Suffolk, NY",2005,64129624,Suffolk,NY
1914,36105,"Sullivan, NY",2005,2271154,Sullivan,NY
1915,36107,"Tioga, NY",2005,1466970,Tioga,NY
1916,36109,"Tompkins, NY",2005,2851530,Tompkins,NY
1917,36111,"Ulster, NY",2005,5844523,Ulster,NY
1918,36113,"Warren, NY",2005,2132695,Warren,NY
1919,36115,"Washington, NY",2005,1614461,Washington,NY
1920,36117,"Wayne, NY",2005,2721765,Wayne,NY
1921,36119,"Westchester, NY",2005,61428971,Westchester,NY
1922,36121,"Wyoming, NY",2005,1125106,Wyoming,NY
1923,36123,"Yates, NY",2005,658513,Yates,NY
5011,36001,"Albany, NY",2006,11990809,Albany,NY
5012,36003,"Allegany, NY",2006,1180890,Allegany,NY
5013,36005,"Bronx, NY",2006,34893084,Bronx,NY
5014,36007,"Broome, NY",2006,6028388,Broome,NY
5015,36009,"Cattaraugus, NY",2006,2270904,Cattaraugus,NY
5016,36011,"Cayuga, NY",2006,2240103,Cayuga,NY
5017,36013,"Chautauqua, NY",2006,3581452,Chautauqua,NY
5018,36015,"Chemung, NY",2006,2644565,Chemung,NY
5019,36017,"Chenango, NY",2006,1362044,Chenango,NY
5020,36019,"Clinton, NY",2006,2424486,Clinton,NY
5021,36021,"Columbia, NY",2006,2317371,Columbia,NY
5022,36023,"Cortland, NY",2006,1312628,Cortland,NY
5023,36025,"Delaware, NY",2006,1268201,Delaware,NY
5024,36027,"Dutchess, NY",2006,11412295,Dutchess,NY
5025,36029,"Erie, NY",2006,31365187,Erie,NY
5026,36031,"Essex, NY",2006,1131143,Essex,NY
5027,36033,"Franklin, NY",2006,1324576,Franklin,NY
5028,36035,"Fulton, NY",2006,1600734,Fulton,NY
5029,36037,"Genesee, NY",2006,1795781,Genesee,NY
5030,36039,"Greene, NY",2006,1449500,Greene,NY
5031,36041,"Hamilton, NY",2006,160616,Hamilton,NY
5032,36043,"Herkimer, NY",2006,1732363,Herkimer,NY
5033,36045,"Jefferson, NY",2006,3866393,Jefferson,NY
5034,36047,"Kings, NY",2006,74372832,Kings,NY
5035,36049,"Lewis, NY",2006,783999,Lewis,NY
5036,36051,"Livingston, NY",2006,1798225,Livingston,NY
5037,36053,"Madison, NY",2006,2135076,Madison,NY
5038,36055,"Monroe, NY",2006,26642339,Monroe,NY
5039,36057,"Montgomery, NY",2006,1515918,Montgomery,NY
5040,36059,"Nassau, NY",2006,78953961,Nassau,NY
5041,36061,"New York, NY",2006,170388967,New York,NY
5042,36063,"Niagara, NY",2006,6640174,Niagara,NY
5043,36065,"Oneida, NY",2006,7126389,Oneida,NY
5044,36067,"Onondaga, NY",2006,16300756,Onondaga,NY
5045,36069,"Ontario, NY",2006,3592073,Ontario,NY
5046,36071,"Orange, NY",2006,13304433,Orange,NY
5047,36073,"Orleans, NY",2006,1120580,Orleans,NY
5048,36075,"Oswego, NY",2006,3307406,Oswego,NY
5049,36077,"Otsego, NY",2006,1779167,Otsego,NY
5050,36079,"Putnam, NY",2006,4751403,Putnam,NY
5051,36081,"Queens, NY",2006,73335345,Queens,NY
5052,36083,"Rensselaer, NY",2006,5359747,Rensselaer,NY
5053,36085,"Richmond, NY",2006,18575409,Richmond,NY
5054,36087,"Rockland, NY",2006,13946973,Rockland,NY
5055,36089,"St. Lawrence, NY",2006,2759085,St. Lawrence,NY
5056,36091,"Saratoga, NY",2006,9008509,Saratoga,NY
5057,36093,"Schenectady, NY",2006,6007839,Schenectady,NY
5058,36095,"Schoharie, NY",2006,864187,Schoharie,NY
5059,36097,"Schuyler, NY",2006,497587,Schuyler,NY
5060,36099,"Seneca, NY",2006,935724,Seneca,NY
5061,36101,"Steuben, NY",2006,3069804,Steuben,NY
5062,36103,"Suffolk, NY",2006,68734143,Suffolk,NY
5063,36105,"Sullivan, NY",2006,2305024,Sullivan,NY
5064,36107,"Tioga, NY",2006,1564968,Tioga,NY
5065,36109,"Tompkins, NY",2006,2997684,Tompkins,NY
5066,36111,"Ulster, NY",2006,6184842,Ulster,NY
5067,36113,"Warren, NY",2006,2245455,Warren,NY
5068,36115,"Washington, NY",2006,1660358,Washington,NY
5069,36117,"Wayne, NY",2006,2830842,Wayne,NY
5070,36119,"Westchester, NY",2006,67456720,Westchester,NY
5071,36121,"Wyoming, NY",2006,1138387,Wyoming,NY
5072,36123,"Yates, NY",2006,676789,Yates,NY
8160,36001,"Albany, NY",2007,12416803,Albany,NY
8161,36003,"Allegany, NY",2007,1224705,Allegany,NY
8162,36005,"Bronx, NY",2007,37855056,Bronx,NY
8163,36007,"Broome, NY",2007,6412375,Broome,NY
8164,36009,"Cattaraugus, NY",2007,2361444,Cattaraugus,NY
8165,36011,"Cayuga, NY",2007,2416263,Cayuga,NY
8166,36013,"Chautauqua, NY",2007,3763897,Chautauqua,NY
8167,36015,"Chemung, NY",2007,2763408,Chemung,NY
8168,36017,"Chenango, NY",2007,1421076,Chenango,NY
8169,36019,"Clinton, NY",2007,2586940,Clinton,NY
8170,36021,"Columbia, NY",2007,2380404,Columbia,NY
8171,36023,"Cortland, NY",2007,1384743,Cortland,NY
8172,36025,"Delaware, NY",2007,1321123,Delaware,NY
8173,36027,"Dutchess, NY",2007,12066966,Dutchess,NY
8174,36029,"Erie, NY",2007,32994511,Erie,NY
8175,36031,"Essex, NY",2007,1186238,Essex,NY
8176,36033,"Franklin, NY",2007,1402903,Franklin,NY
8177,36035,"Fulton, NY",2007,1668205,Fulton,NY
8178,36037,"Genesee, NY",2007,1897031,Genesee,NY
8179,36039,"Greene, NY",2007,1490494,Greene,NY
8180,36041,"Hamilton, NY",2007,169081,Hamilton,NY
8181,36043,"Herkimer, NY",2007,1827694,Herkimer,NY
8182,36045,"Jefferson, NY",2007,4123861,Jefferson,NY
8183,36047,"Kings, NY",2007,79997178,Kings,NY
8184,36049,"Lewis, NY",2007,818803,Lewis,NY
8185,36051,"Livingston, NY",2007,1917697,Livingston,NY
8186,36053,"Madison, NY",2007,2244364,Madison,NY
8187,36055,"Monroe, NY",2007,28025163,Monroe,NY
8188,36057,"Montgomery, NY",2007,1586515,Montgomery,NY
8189,36059,"Nassau, NY",2007,83748610,Nassau,NY
8190,36061,"New York, NY",2007,191113956,New York,NY
8191,36063,"Niagara, NY",2007,6946665,Niagara,NY
8192,36065,"Oneida, NY",2007,7612939,Oneida,NY
8193,36067,"Onondaga, NY",2007,17338303,Onondaga,NY
8194,36069,"Ontario, NY",2007,3833429,Ontario,NY
8195,36071,"Orange, NY",2007,14160807,Orange,NY
8196,36073,"Orleans, NY",2007,1176007,Orleans,NY
8197,36075,"Oswego, NY",2007,3484234,Oswego,NY
8198,36077,"Otsego, NY",2007,1821318,Otsego,NY
8199,36079,"Putnam, NY",2007,5031884,Putnam,NY
8200,36081,"Queens, NY",2007,77986951,Queens,NY
8201,36083,"Rensselaer, NY",2007,5627023,Rensselaer,NY
8202,36085,"Richmond, NY",2007,19694774,Richmond,NY
8203,36087,"Rockland, NY",2007,14829621,Rockland,NY
8204,36089,"St. Lawrence, NY",2007,2932816,St. Lawrence,NY
8205,36091,"Saratoga, NY",2007,9537485,Saratoga,NY
8206,36093,"Schenectady, NY",2007,6215866,Schenectady,NY
8207,36095,"Schoharie, NY",2007,906190,Schoharie,NY
8208,36097,"Schuyler, NY",2007,525638,Schuyler,NY
8209,36099,"Seneca, NY",2007,981203,Seneca,NY
8210,36101,"Steuben, NY",2007,3158820,Steuben,NY
8211,36103,"Suffolk, NY",2007,73595579,Suffolk,NY
8212,36105,"Sullivan, NY",2007,2387651,Sullivan,NY
8213,36107,"Tioga, NY",2007,1648037,Tioga,NY
8214,36109,"Tompkins, NY",2007,3170768,Tompkins,NY
8215,36111,"Ulster, NY",2007,6488365,Ulster,NY
8216,36113,"Warren, NY",2007,2314766,Warren,NY
8217,36115,"Washington, NY",2007,1728225,Washington,NY
8218,36117,"Wayne, NY",2007,2979529,Wayne,NY
8219,36119,"Westchester, NY",2007,73007307,Westchester,NY
8220,36121,"Wyoming, NY",2007,1204347,Wyoming,NY
8221,36123,"Yates, NY",2007,695834,Yates,NY
11309,36001,"Albany, NY",2008,13157307,Albany,NY
11310,36003,"Allegany, NY",2008,1358416,Allegany,NY
11311,36005,"Bronx, NY",2008,37898793,Bronx,NY
11312,36007,"Broome, NY",2008,6802763,Broome,NY
11313,36009,"Cattaraugus, NY",2008,2511650,Cattaraugus,NY
11314,36011,"Cayuga, NY",2008,2515574,Cayuga,NY
11315,36013,"Chautauqua, NY",2008,4029042,Chautauqua,NY
11316,36015,"Chemung, NY",2008,2967848,Chemung,NY
11317,36017,"Chenango, NY",2008,1501730,Chenango,NY
11318,36019,"Clinton, NY",2008,2689570,Clinton,NY
11319,36021,"Columbia, NY",2008,2539700,Columbia,NY
11320,36023,"Cortland, NY",2008,1463069,Cortland,NY
11321,36025,"Delaware, NY",2008,1392526,Delaware,NY
11322,36027,"Dutchess, NY",2008,12520109,Dutchess,NY
11323,36029,"Erie, NY",2008,34541037,Erie,NY
11324,36031,"Essex, NY",2008,1286735,Essex,NY
11325,36033,"Franklin, NY",2008,1510229,Franklin,NY
11326,36035,"Fulton, NY",2008,1753302,Fulton,NY
11327,36037,"Genesee, NY",2008,1997320,Genesee,NY
11328,36039,"Greene, NY",2008,1590265,Greene,NY
11329,36041,"Hamilton, NY",2008,183154,Hamilton,NY
11330,36043,"Herkimer, NY",2008,1960992,Herkimer,NY
11331,36045,"Jefferson, NY",2008,4399009,Jefferson,NY
11332,36047,"Kings, NY",2008,83140394,Kings,NY
11333,36049,"Lewis, NY",2008,889670,Lewis,NY
11334,36051,"Livingston, NY",2008,2060604,Livingston,NY
11335,36053,"Madison, NY",2008,2354542,Madison,NY
11336,36055,"Monroe, NY",2008,29677578,Monroe,NY
11337,36057,"Montgomery, NY",2008,1648351,Montgomery,NY
11338,36059,"Nassau, NY",2008,86597481,Nassau,NY
11339,36061,"New York, NY",2008,187561254,New York,NY
11340,36063,"Niagara, NY",2008,7249742,Niagara,NY
11341,36065,"Oneida, NY",2008,7969998,Oneida,NY
11342,36067,"Onondaga, NY",2008,18038584,Onondaga,NY
11343,36069,"Ontario, NY",2008,4048136,Ontario,NY
11344,36071,"Orange, NY",2008,14845185,Orange,NY
11345,36073,"Orleans, NY",2008,1220867,Orleans,NY
11346,36075,"Oswego, NY",2008,3682125,Oswego,NY
11347,36077,"Otsego, NY",2008,1960398,Otsego,NY
11348,36079,"Putnam, NY",2008,5125307,Putnam,NY
11349,36081,"Queens, NY",2008,78930537,Queens,NY
11350,36083,"Rensselaer, NY",2008,5985167,Rensselaer,NY
11351,36085,"Richmond, NY",2008,20145420,Richmond,NY
11352,36087,"Rockland, NY",2008,15283992,Rockland,NY
11353,36089,"St. Lawrence, NY",2008,3154118,St. Lawrence,NY
11354,36091,"Saratoga, NY",2008,10182505,Saratoga,NY
11355,36093,"Schenectady, NY",2008,6480768,Schenectady,NY
11356,36095,"Schoharie, NY",2008,960960,Schoharie,NY
11357,36097,"Schuyler, NY",2008,560466,Schuyler,NY
11358,36099,"Seneca, NY",2008,1043838,Seneca,NY
11359,36101,"Steuben, NY",2008,3348263,Steuben,NY
11360,36103,"Suffolk, NY",2008,75190130,Suffolk,NY
11361,36105,"Sullivan, NY",2008,2549545,Sullivan,NY
11362,36107,"Tioga, NY",2008,1745587,Tioga,NY
11363,36109,"Tompkins, NY",2008,3428662,Tompkins,NY
11364,36111,"Ulster, NY",2008,6828145,Ulster,NY
11365,36113,"Warren, NY",2008,2482148,Warren,NY
11366,36115,"Washington, NY",2008,1863300,Washington,NY
11367,36117,"Wayne, NY",2008,3152278,Wayne,NY
11368,36119,"Westchester, NY",2008,74491777,Westchester,NY
11369,36121,"Wyoming, NY",2008,1271283,Wyoming,NY
11370,36123,"Yates, NY",2008,737290,Yates,NY
14458,36001,"Albany, NY",2009,13412590,Albany,NY
14459,36003,"Allegany, NY",2009,1344781,Allegany,NY
14460,36005,"Bronx, NY",2009,38706668,Bronx,NY
14461,36007,"Broome, NY",2009,6894793,Broome,NY
14462,36009,"Cattaraugus, NY",2009,2557126,Cattaraugus,NY
14463,36011,"Cayuga, NY",2009,2500258,Cayuga,NY
14464,36013,"Chautauqua, NY",2009,4040844,Chautauqua,NY
14465,36015,"Chemung, NY",2009,2987353,Chemung,NY
14466,36017,"Chenango, NY",2009,1510928,Chenango,NY
14467,36019,"Clinton, NY",2009,2785151,Clinton,NY
14468,36021,"Columbia, NY",2009,2543491,Columbia,NY
14469,36023,"Cortland, NY",2009,1498863,Cortland,NY
14470,36025,"Delaware, NY",2009,1422708,Delaware,NY
14471,36027,"Dutchess, NY",2009,12307873,Dutchess,NY
14472,36029,"Erie, NY",2009,34884472,Erie,NY
14473,36031,"Essex, NY",2009,1318709,Essex,NY
14474,36033,"Franklin, NY",2009,1552305,Franklin,NY
14475,36035,"Fulton, NY",2009,1795973,Fulton,NY
14476,36037,"Genesee, NY",2009,2007449,Genesee,NY
14477,36039,"Greene, NY",2009,1635722,Greene,NY
14478,36041,"Hamilton, NY",2009,194345,Hamilton,NY
14479,36043,"Herkimer, NY",2009,2037091,Herkimer,NY
14480,36045,"Jefferson, NY",2009,4606452,Jefferson,NY
14481,36047,"Kings, NY",2009,83558839,Kings,NY
14482,36049,"Lewis, NY",2009,920685,Lewis,NY
14483,36051,"Livingston, NY",2009,2067693,Livingston,NY
14484,36053,"Madison, NY",2009,2392246,Madison,NY
14485,36055,"Monroe, NY",2009,29795514,Monroe,NY
14486,36057,"Montgomery, NY",2009,1663460,Montgomery,NY
14487,36059,"Nassau, NY",2009,84301339,Nassau,NY
14488,36061,"New York, NY",2009,178168489,New York,NY
14489,36063,"Niagara, NY",2009,7337185,Niagara,NY
14490,36065,"Oneida, NY",2009,8125835,Oneida,NY
14491,36067,"Onondaga, NY",2009,18266808,Onondaga,NY
14492,36069,"Ontario, NY",2009,4104621,Ontario,NY
14493,36071,"Orange, NY",2009,14686870,Orange,NY
14494,36073,"Orleans, NY",2009,1237836,Orleans,NY
14495,36075,"Oswego, NY",2009,3719125,Oswego,NY
14496,36077,"Otsego, NY",2009,1985428,Otsego,NY
14497,36079,"Putnam, NY",2009,4977696,Putnam,NY
14498,36081,"Queens, NY",2009,79154620,Queens,NY
14499,36083,"Rensselaer, NY",2009,6040668,Rensselaer,NY
14500,36085,"Richmond, NY",2009,19881407,Richmond,NY
14501,36087,"Rockland, NY",2009,14891609,Rockland,NY
14502,36089,"St. Lawrence, NY",2009,3200296,St. Lawrence,NY
14503,36091,"Saratoga, NY",2009,10214708,Saratoga,NY
14504,36093,"Schenectady, NY",2009,6397272,Schenectady,NY
14505,36095,"Schoharie, NY",2009,991424,Schoharie,NY
14506,36097,"Schuyler, NY",2009,574392,Schuyler,NY
14507,36099,"Seneca, NY",2009,1058504,Seneca,NY
14508,36101,"Steuben, NY",2009,3286650,Steuben,NY
14509,36103,"Suffolk, NY",2009,73935462,Suffolk,NY
14510,36105,"Sullivan, NY",2009,2622024,Sullivan,NY
14511,36107,"Tioga, NY",2009,1782758,Tioga,NY
14512,36109,"Tompkins, NY",2009,3477801,Tompkins,NY
14513,36111,"Ulster, NY",2009,6799538,Ulster,NY
14514,36113,"Warren, NY",2009,2565872,Warren,NY
14515,36115,"Washington, NY",2009,1915955,Washington,NY
14516,36117,"Wayne, NY",2009,3173477,Wayne,NY
14517,36119,"Westchester, NY",2009,70388981,Westchester,NY
14518,36121,"Wyoming, NY",2009,1226845,Wyoming,NY
14519,36123,"Yates, NY",2009,752374,Yates,NY
17607,36001,"Albany, NY",2010,14003474,Albany,NY
17608,36003,"Allegany, NY",2010,1382418,Allegany,NY
17609,36005,"Bronx, NY",2010,40334439,Bronx,NY
17610,36007,"Broome, NY",2010,7102281,Broome,NY
17611,36009,"Cattaraugus, NY",2010,2657448,Cattaraugus,NY
17612,36011,"Cayuga, NY",2010,2643842,Cayuga,NY
17613,36013,"Chautauqua, NY",2010,4228001,Chautauqua,NY
17614,36015,"Chemung, NY",2010,3122248,Chemung,NY
17615,36017,"Chenango, NY",2010,1576197,Chenango,NY
17616,36019,"Clinton, NY",2010,2911644,Clinton,NY
17617,36021,"Columbia, NY",2010,2652521,Columbia,NY
17618,36023,"Cortland, NY",2010,1549746,Cortland,NY
17619,36025,"Delaware, NY",2010,1465524,Delaware,NY
17620,36027,"Dutchess, NY",2010,12609990,Dutchess,NY
17621,36029,"Erie, NY",2010,36109241,Erie,NY
17622,36031,"Essex, NY",2010,1364422,Essex,NY
17623,36033,"Franklin, NY",2010,1619442,Franklin,NY
17624,36035,"Fulton, NY",2010,1860599,Fulton,NY
17625,36037,"Genesee, NY",2010,2084002,Genesee,NY
17626,36039,"Greene, NY",2010,1735982,Greene,NY
17627,36041,"Hamilton, NY",2010,199516,Hamilton,NY
17628,36043,"Herkimer, NY",2010,2122951,Herkimer,NY
17629,36045,"Jefferson, NY",2010,4897213,Jefferson,NY
17630,36047,"Kings, NY",2010,87844189,Kings,NY
17631,36049,"Lewis, NY",2010,970708,Lewis,NY
17632,36051,"Livingston, NY",2010,2189004,Livingston,NY
17633,36053,"Madison, NY",2010,2486341,Madison,NY
17634,36055,"Monroe, NY",2010,30892737,Monroe,NY
17635,36057,"Montgomery, NY",2010,1733530,Montgomery,NY
17636,36059,"Nassau, NY",2010,88523825,Nassau,NY
17637,36061,"New York, NY",2010,187081749,New York,NY
17638,36063,"Niagara, NY",2010,7530873,Niagara,NY
17639,36065,"Oneida, NY",2010,8436824,Oneida,NY
17640,36067,"Onondaga, NY",2010,18784209,Onondaga,NY
17641,36069,"Ontario, NY",2010,4293387,Ontario,NY
17642,36071,"Orange, NY",2010,15031193,Orange,NY
17643,36073,"Orleans, NY",2010,1301696,Orleans,NY
17644,36075,"Oswego, NY",2010,3909187,Oswego,NY
17645,36077,"Otsego, NY",2010,2071450,Otsego,NY
17646,36079,"Putnam, NY",2010,5129102,Putnam,NY
17647,36081,"Queens, NY",2010,82112406,Queens,NY
17648,36083,"Rensselaer, NY",2010,6176383,Rensselaer,NY
17649,36085,"Richmond, NY",2010,20359160,Richmond,NY
17650,36087,"Rockland, NY",2010,15219253,Rockland,NY
17651,36089,"St. Lawrence, NY",2010,3326115,St. Lawrence,NY
17652,36091,"Saratoga, NY",2010,10790237,Saratoga,NY
17653,36093,"Schenectady, NY",2010,6493827,Schenectady,NY
17654,36095,"Schoharie, NY",2010,1014285,Schoharie,NY
17655,36097,"Schuyler, NY",2010,604740,Schuyler,NY
17656,36099,"Seneca, NY",2010,1102254,Seneca,NY
17657,36101,"Steuben, NY",2010,3547585,Steuben,NY
17658,36103,"Suffolk, NY",2010,76686536,Suffolk,NY
17659,36105,"Sullivan, NY",2010,2697829,Sullivan,NY
17660,36107,"Tioga, NY",2010,1832038,Tioga,NY
17661,36109,"Tompkins, NY",2010,3554343,Tompkins,NY
17662,36111,"Ulster, NY",2010,7014378,Ulster,NY
17663,36113,"Warren, NY",2010,2686525,Warren,NY
17664,36115,"Washington, NY",2010,1984304,Washington,NY
17665,36117,"Wayne, NY",2010,3307348,Wayne,NY
17666,36119,"Westchester, NY",2010,72320670,Westchester,NY
17667,36121,"Wyoming, NY",2010,1316651,Wyoming,NY
17668,36123,"Yates, NY",2010,802731,Yates,NY
20756,36001,"Albany, NY",2011,14598320,Albany,NY
20757,36003,"Allegany, NY",2011,1418898,Allegany,NY
20758,36005,"Bronx, NY",2011,41280014,Bronx,NY
20759,36007,"Broome, NY",2011,7265654,Broome,NY
20760,36009,"Cattaraugus, NY",2011,2658701,Cattaraugus,NY
20761,36011,"Cayuga, NY",2011,2759289,Cayuga,NY
20762,36013,"Chautauqua, NY",2011,4403883,Chautauqua,NY
20763,36015,"Chemung, NY",2011,3272918,Chemung,NY
20764,36017,"Chenango, NY",2011,1653626,Chenango,NY
20765,36019,"Clinton, NY",2011,2948741,Clinton,NY
20766,36021,"Columbia, NY",2011,2743972,Columbia,NY
20767,36023,"Cortland, NY",2011,1602525,Cortland,NY
20768,36025,"Delaware, NY",2011,1489150,Delaware,NY
20769,36027,"Dutchess, NY",2011,13147098,Dutchess,NY
20770,36029,"Erie, NY",2011,37514685,Erie,NY
20771,36031,"Essex, NY",2011,1417530,Essex,NY
20772,36033,"Franklin, NY",2011,1671572,Franklin,NY
20773,36035,"Fulton, NY",2011,1886179,Fulton,NY
20774,36037,"Genesee, NY",2011,2150790,Genesee,NY
20775,36039,"Greene, NY",2011,1819784,Greene,NY
20776,36041,"Hamilton, NY",2011,209603,Hamilton,NY
20777,36043,"Herkimer, NY",2011,2202985,Herkimer,NY
20778,36045,"Jefferson, NY",2011,5119638,Jefferson,NY
20779,36047,"Kings, NY",2011,93052578,Kings,NY
20780,36049,"Lewis, NY",2011,1067307,Lewis,NY
20781,36051,"Livingston, NY",2011,2292188,Livingston,NY
20782,36053,"Madison, NY",2011,2583894,Madison,NY
20783,36055,"Monroe, NY",2011,32320177,Monroe,NY
20784,36057,"Montgomery, NY",2011,1750944,Montgomery,NY
20785,36059,"Nassau, NY",2011,92799084,Nassau,NY
20786,36061,"New York, NY",2011,206641782,New York,NY
20787,36063,"Niagara, NY",2011,7890142,Niagara,NY
20788,36065,"Oneida, NY",2011,8606325,Oneida,NY
20789,36067,"Onondaga, NY",2011,19558216,Onondaga,NY
20790,36069,"Ontario, NY",2011,4532982,Ontario,NY
20791,36071,"Orange, NY",2011,15708461,Orange,NY
20792,36073,"Orleans, NY",2011,1339916,Orleans,NY
20793,36075,"Oswego, NY",2011,3967810,Oswego,NY
20794,36077,"Otsego, NY",2011,2127949,Otsego,NY
20795,36079,"Putnam, NY",2011,5407918,Putnam,NY
20796,36081,"Queens, NY",2011,85351783,Queens,NY
20797,36083,"Rensselaer, NY",2011,6322349,Rensselaer,NY
20798,36085,"Richmond, NY",2011,21109353,Richmond,NY
20799,36087,"Rockland, NY",2011,15950015,Rockland,NY
20800,36089,"St. Lawrence, NY",2011,3451483,St. Lawrence,NY
20801,36091,"Saratoga, NY",2011,11402687,Saratoga,NY
20802,36093,"Schenectady, NY",2011,6525537,Schenectady,NY
20803,36095,"Schoharie, NY",2011,1031581,Schoharie,NY
20804,36097,"Schuyler, NY",2011,635358,Schuyler,NY
20805,36099,"Seneca, NY",2011,1142386,Seneca,NY
20806,36101,"Steuben, NY",2011,3640385,Steuben,NY
20807,36103,"Suffolk, NY",2011,79867474,Suffolk,NY
20808,36105,"Sullivan, NY",2011,2749562,Sullivan,NY
20809,36107,"Tioga, NY",2011,1877132,Tioga,NY
20810,36109,"Tompkins, NY",2011,3733496,Tompkins,NY
20811,36111,"Ulster, NY",2011,7264513,Ulster,NY
20812,36113,"Warren, NY",2011,2767913,Warren,NY
20813,36115,"Washington, NY",2011,2074658,Washington,NY
20814,36117,"Wayne, NY",2011,3426121,Wayne,NY
20815,36119,"Westchester, NY",2011,75808198,Westchester,NY
20816,36121,"Wyoming, NY",2011,1381185,Wyoming,NY
20817,36123,"Yates, NY",2011,834960,Yates,NY
23905,36001,"Albany, NY",2012,15121745,Albany,NY
23906,36003,"Allegany, NY",2012,1439630,Allegany,NY
23907,36005,"Bronx, NY",2012,41287173,Bronx,NY
23908,36007,"Broome, NY",2012,7394470,Broome,NY
23909,36009,"Cattaraugus, NY",2012,2698535,Cattaraugus,NY
23910,36011,"Cayuga, NY",2012,2858181,Cayuga,NY
23911,36013,"Chautauqua, NY",2012,4512821,Chautauqua,NY
23912,36015,"Chemung, NY",2012,3313337,Chemung,NY
23913,36017,"Chenango, NY",2012,1731150,Chenango,NY
23914,36019,"Clinton, NY",2012,3021075,Clinton,NY
23915,36021,"Columbia, NY",2012,2859691,Columbia,NY
23916,36023,"Cortland, NY",2012,1659727,Cortland,NY
23917,36025,"Delaware, NY",2012,1537881,Delaware,NY
23918,36027,"Dutchess, NY",2012,13638136,Dutchess,NY
23919,36029,"Erie, NY",2012,38770305,Erie,NY
23920,36031,"Essex, NY",2012,1468900,Essex,NY
23921,36033,"Franklin, NY",2012,1699066,Franklin,NY
23922,36035,"Fulton, NY",2012,1908041,Fulton,NY
23923,36037,"Genesee, NY",2012,2193733,Genesee,NY
23924,36039,"Greene, NY",2012,1897675,Greene,NY
23925,36041,"Hamilton, NY",2012,208389,Hamilton,NY
23926,36043,"Herkimer, NY",2012,2248718,Herkimer,NY
23927,36045,"Jefferson, NY",2012,5164248,Jefferson,NY
23928,36047,"Kings, NY",2012,96319764,Kings,NY
23929,36049,"Lewis, NY",2012,1054464,Lewis,NY
23930,36051,"Livingston, NY",2012,2318611,Livingston,NY
23931,36053,"Madison, NY",2012,2636373,Madison,NY
23932,36055,"Monroe, NY",2012,33867526,Monroe,NY
23933,36057,"Montgomery, NY",2012,1756000,Montgomery,NY
23934,36059,"Nassau, NY",2012,99469405,Nassau,NY
23935,36061,"New York, NY",2012,217931029,New York,NY
23936,36063,"Niagara, NY",2012,7977878,Niagara,NY
23937,36065,"Oneida, NY",2012,8760841,Oneida,NY
23938,36067,"Onondaga, NY",2012,20191196,Onondaga,NY
23939,36069,"Ontario, NY",2012,4663578,Ontario,NY
23940,36071,"Orange, NY",2012,16103522,Orange,NY
23941,36073,"Orleans, NY",2012,1369918,Orleans,NY
23942,36075,"Oswego, NY",2012,4099444,Oswego,NY
23943,36077,"Otsego, NY",2012,2193685,Otsego,NY
23944,36079,"Putnam, NY",2012,6183872,Putnam,NY
23945,36081,"Queens, NY",2012,87646174,Queens,NY
23946,36083,"Rensselaer, NY",2012,6456756,Rensselaer,NY
23947,36085,"Richmond, NY",2012,21565311,Richmond,NY
23948,36087,"Rockland, NY",2012,16542870,Rockland,NY
23949,36089,"St. Lawrence, NY",2012,3515641,St. Lawrence,NY
23950,36091,"Saratoga, NY",2012,11856713,Saratoga,NY
23951,36093,"Schenectady, NY",2012,6588884,Schenectady,NY
23952,36095,"Schoharie, NY",2012,1051002,Schoharie,NY
23953,36097,"Schuyler, NY",2012,655576,Schuyler,NY
23954,36099,"Seneca, NY",2012,1166727,Seneca,NY
23955,36101,"Steuben, NY",2012,3673910,Steuben,NY
23956,36103,"Suffolk, NY",2012,83644796,Suffolk,NY
23957,36105,"Sullivan, NY",2012,2846903,Sullivan,NY
23958,36107,"Tioga, NY",2012,1922251,Tioga,NY
23959,36109,"Tompkins, NY",2012,3880411,Tompkins,NY
23960,36111,"Ulster, NY",2012,7455865,Ulster,NY
23961,36113,"Warren, NY",2012,2840854,Warren,NY
23962,36115,"Washington, NY",2012,2115828,Washington,NY
23963,36117,"Wayne, NY",2012,3491080,Wayne,NY
23964,36119,"Westchester, NY",2012,83089112,Westchester,NY
23965,36121,"Wyoming, NY",2012,1406006,Wyoming,NY
23966,36123,"Yates, NY",2012,849202,Yates,NY
27054,36001,"Albany, NY",2013,15337648,Albany,NY
27055,36003,"Allegany, NY",2013,1425116,Allegany,NY
27056,36005,"Bronx, NY",2013,41886481,Bronx,NY
27057,36007,"Broome, NY",2013,7369956,Broome,NY
27058,36009,"Cattaraugus, NY",2013,2686932,Cattaraugus,NY
27059,36011,"Cayuga, NY",2013,2896470,Cayuga,NY
27060,36013,"Chautauqua, NY",2013,4563569,Chautauqua,NY
27061,36015,"Chemung, NY",2013,3345388,Chemung,NY
27062,36017,"Chenango, NY",2013,1761512,Chenango,NY
27063,36019,"Clinton, NY",2013,3063048,Clinton,NY
27064,36021,"Columbia, NY",2013,2871823,Columbia,NY
27065,36023,"Cortland, NY",2013,1652200,Cortland,NY
27066,36025,"Delaware, NY",2013,1565483,Delaware,NY
27067,36027,"Dutchess, NY",2013,13711383,Dutchess,NY
27068,36029,"Erie, NY",2013,39080167,Erie,NY
27069,36031,"Essex, NY",2013,1487520,Essex,NY
27070,36033,"Franklin, NY",2013,1710283,Franklin,NY
27071,36035,"Fulton, NY",2013,1935900,Fulton,NY
27072,36037,"Genesee, NY",2013,2219697,Genesee,NY
27073,36039,"Greene, NY",2013,1933712,Greene,NY
27074,36041,"Hamilton, NY",2013,210032,Hamilton,NY
27075,36043,"Herkimer, NY",2013,2294557,Herkimer,NY
27076,36045,"Jefferson, NY",2013,4988114,Jefferson,NY
27077,36047,"Kings, NY",2013,99336018,Kings,NY
27078,36049,"Lewis, NY",2013,1090959,Lewis,NY
27079,36051,"Livingston, NY",2013,2300496,Livingston,NY
27080,36053,"Madison, NY",2013,2636961,Madison,NY
27081,36055,"Monroe, NY",2013,33358527,Monroe,NY
27082,36057,"Montgomery, NY",2013,1786252,Montgomery,NY
27083,36059,"Nassau, NY",2013,97876916,Nassau,NY
27084,36061,"New York, NY",2013,225188723,New York,NY
27085,36063,"Niagara, NY",2013,8099979,Niagara,NY
27086,36065,"Oneida, NY",2013,8811423,Oneida,NY
27087,36067,"Onondaga, NY",2013,20287354,Onondaga,NY
27088,36069,"Ontario, NY",2013,4817867,Ontario,NY
27089,36071,"Orange, NY",2013,16393204,Orange,NY
27090,36073,"Orleans, NY",2013,1402916,Orleans,NY
27091,36075,"Oswego, NY",2013,4090391,Oswego,NY
27092,36077,"Otsego, NY",2013,2230034,Otsego,NY
27093,36079,"Putnam, NY",2013,5546376,Putnam,NY
27094,36081,"Queens, NY",2013,89299227,Queens,NY
27095,36083,"Rensselaer, NY",2013,6636196,Rensselaer,NY
27096,36085,"Richmond, NY",2013,21663138,Richmond,NY
27097,36087,"Rockland, NY",2013,16501556,Rockland,NY
27098,36089,"St. Lawrence, NY",2013,3637170,St. Lawrence,NY
27099,36091,"Saratoga, NY",2013,12114085,Saratoga,NY
27100,36093,"Schenectady, NY",2013,6761599,Schenectady,NY
27101,36095,"Schoharie, NY",2013,1075613,Schoharie,NY
27102,36097,"Schuyler, NY",2013,669686,Schuyler,NY
27103,36099,"Seneca, NY",2013,1172338,Seneca,NY
27104,36101,"Steuben, NY",2013,3778153,Steuben,NY
27105,36103,"Suffolk, NY",2013,84048175,Suffolk,NY
27106,36105,"Sullivan, NY",2013,2861593,Sullivan,NY
27107,36107,"Tioga, NY",2013,1939041,Tioga,NY
27108,36109,"Tompkins, NY",2013,3874439,Tompkins,NY
27109,36111,"Ulster, NY",2013,7470674,Ulster,NY
27110,36113,"Warren, NY",2013,2885331,Warren,NY
27111,36115,"Washington, NY",2013,2145979,Washington,NY
27112,36117,"Wayne, NY",2013,3546375,Wayne,NY
27113,36119,"Westchester, NY",2013,82157519,Westchester,NY
27114,36121,"Wyoming, NY",2013,1440836,Wyoming,NY
27115,36123,"Yates, NY",2013,867993,Yates,NY
30203,36001,"Albany, NY",2014,16123733,Albany,NY
30204,36003,"Allegany, NY",2014,1488817,Allegany,NY
30205,36005,"Bronx, NY",2014,43420096,Bronx,NY
30206,36007,"Broome, NY",2014,7401328,Broome,NY
30207,36009,"Cattaraugus, NY",2014,2755332,Cattaraugus,NY
30208,36011,"Cayuga, NY",2014,2946079,Cayuga,NY
30209,36013,"Chautauqua, NY",2014,4659717,Chautauqua,NY
30210,36015,"Chemung, NY",2014,3408518,Chemung,NY
30211,36017,"Chenango, NY",2014,1706600,Chenango,NY
30212,36019,"Clinton, NY",2014,3111433,Clinton,NY
30213,36021,"Columbia, NY",2014,2991486,Columbia,NY
30214,36023,"Cortland, NY",2014,1683593,Cortland,NY
30215,36025,"Delaware, NY",2014,1610427,Delaware,NY
30216,36027,"Dutchess, NY",2014,13974373,Dutchess,NY
30217,36029,"Erie, NY",2014,40092282,Erie,NY
30218,36031,"Essex, NY",2014,1505904,Essex,NY
30219,36033,"Franklin, NY",2014,1711152,Franklin,NY
30220,36035,"Fulton, NY",2014,1955971,Fulton,NY
30221,36037,"Genesee, NY",2014,2281508,Genesee,NY
30222,36039,"Greene, NY",2014,2000896,Greene,NY
30223,36041,"Hamilton, NY",2014,224567,Hamilton,NY
30224,36043,"Herkimer, NY",2014,2289220,Herkimer,NY
30225,36045,"Jefferson, NY",2014,5029567,Jefferson,NY
30226,36047,"Kings, NY",2014,104407772,Kings,NY
30227,36049,"Lewis, NY",2014,1117872,Lewis,NY
30228,36051,"Livingston, NY",2014,2349368,Livingston,NY
30229,36053,"Madison, NY",2014,2730870,Madison,NY
30230,36055,"Monroe, NY",2014,33769432,Monroe,NY
30231,36057,"Montgomery, NY",2014,1781664,Montgomery,NY
30232,36059,"Nassau, NY",2014,101346924,Nassau,NY
30233,36061,"New York, NY",2014,236295582,New York,NY
30234,36063,"Niagara, NY",2014,8217810,Niagara,NY
30235,36065,"Oneida, NY",2014,8852503,Oneida,NY
30236,36067,"Onondaga, NY",2014,20798979,Onondaga,NY
30237,36069,"Ontario, NY",2014,5005637,Ontario,NY
30238,36071,"Orange, NY",2014,16849147,Orange,NY
30239,36073,"Orleans, NY",2014,1405855,Orleans,NY
30240,36075,"Oswego, NY",2014,4190592,Oswego,NY
30241,36077,"Otsego, NY",2014,2278865,Otsego,NY
30242,36079,"Putnam, NY",2014,5708346,Putnam,NY
30243,36081,"Queens, NY",2014,92506437,Queens,NY
30244,36083,"Rensselaer, NY",2014,6736661,Rensselaer,NY
30245,36085,"Richmond, NY",2014,22561968,Richmond,NY
30246,36087,"Rockland, NY",2014,17020360,Rockland,NY
30247,36089,"St. Lawrence, NY",2014,3698953,St. Lawrence,NY
30248,36091,"Saratoga, NY",2014,12432507,Saratoga,NY
30249,36093,"Schenectady, NY",2014,6852592,Schenectady,NY
30250,36095,"Schoharie, NY",2014,1105039,Schoharie,NY
30251,36097,"Schuyler, NY",2014,690149,Schuyler,NY
30252,36099,"Seneca, NY",2014,1185879,Seneca,NY
30253,36101,"Steuben, NY",2014,3848002,Steuben,NY
30254,36103,"Suffolk, NY",2014,86449508,Suffolk,NY
30255,36105,"Sullivan, NY",2014,2936095,Sullivan,NY
30256,36107,"Tioga, NY",2014,1989427,Tioga,NY
30257,36109,"Tompkins, NY",2014,3968579,Tompkins,NY
30258,36111,"Ulster, NY",2014,7707562,Ulster,NY
30259,36113,"Warren, NY",2014,2885956,Warren,NY
30260,36115,"Washington, NY",2014,2179682,Washington,NY
30261,36117,"Wayne, NY",2014,3581711,Wayne,NY
30262,36119,"Westchester, NY",2014,85800839,Westchester,NY
30263,36121,"Wyoming, NY",2014,1500597,Wyoming,NY
30264,36123,"Yates, NY",2014,882475,Yates,NY
33352,36001,"Albany, NY",2015,16695928,Albany,NY
33353,36003,"Allegany, NY",2015,1614427,Allegany,NY
33354,36005,"Bronx, NY",2015,45367105,Bronx,NY
33355,36007,"Broome, NY",2015,7653844,Broome,NY
33356,36009,"Cattaraugus, NY",2015,2824841,Cattaraugus,NY
33357,36011,"Cayuga, NY",2015,3000478,Cayuga,NY
33358,36013,"Chautauqua, NY",2015,4773044,Chautauqua,NY
33359,36015,"Chemung, NY",2015,3434299,Chemung,NY
33360,36017,"Chenango, NY",2015,1665976,Chenango,NY
33361,36019,"Clinton, NY",2015,3268839,Clinton,NY
33362,36021,"Columbia, NY",2015,3068608,Columbia,NY
33363,36023,"Cortland, NY",2015,1784414,Cortland,NY
33364,36025,"Delaware, NY",2015,1608623,Delaware,NY
33365,36027,"Dutchess, NY",2015,14655650,Dutchess,NY
33366,36029,"Erie, NY",2015,41787569,Erie,NY
33367,36031,"Essex, NY",2015,1523720,Essex,NY
33368,36033,"Franklin, NY",2015,1739112,Franklin,NY
33369,36035,"Fulton, NY",2015,2045321,Fulton,NY
33370,36037,"Genesee, NY",2015,2350529,Genesee,NY
33371,36039,"Greene, NY",2015,2067105,Greene,NY
33372,36041,"Hamilton, NY",2015,225744,Hamilton,NY
33373,36043,"Herkimer, NY",2015,2334089,Herkimer,NY
33374,36045,"Jefferson, NY",2015,5023544,Jefferson,NY
33375,36047,"Kings, NY",2015,111311181,Kings,NY
33376,36049,"Lewis, NY",2015,1099174,Lewis,NY
33377,36051,"Livingston, NY",2015,2411945,Livingston,NY
33378,36053,"Madison, NY",2015,2824791,Madison,NY
33379,36055,"Monroe, NY",2015,35432821,Monroe,NY
33380,36057,"Montgomery, NY",2015,1844087,Montgomery,NY
33381,36059,"Nassau, NY",2015,105467789,Nassau,NY
33382,36061,"New York, NY",2015,244127525,New York,NY
33383,36063,"Niagara, NY",2015,8526244,Niagara,NY
33384,36065,"Oneida, NY",2015,9118698,Oneida,NY
33385,36067,"Onondaga, NY",2015,21851718,Onondaga,NY
33386,36069,"Ontario, NY",2015,5367366,Ontario,NY
33387,36071,"Orange, NY",2015,17603477,Orange,NY
33388,36073,"Orleans, NY",2015,1475965,Orleans,NY
33389,36075,"Oswego, NY",2015,4308958,Oswego,NY
33390,36077,"Otsego, NY",2015,2362795,Otsego,NY
33391,36079,"Putnam, NY",2015,5901696,Putnam,NY
33392,36081,"Queens, NY",2015,97892551,Queens,NY
33393,36083,"Rensselaer, NY",2015,7019591,Rensselaer,NY
33394,36085,"Richmond, NY",2015,23729200,Richmond,NY
33395,36087,"Rockland, NY",2015,17747944,Rockland,NY
33396,36089,"St. Lawrence, NY",2015,3736404,St. Lawrence,NY
33397,36091,"Saratoga, NY",2015,13671874,Saratoga,NY
33398,36093,"Schenectady, NY",2015,6957547,Schenectady,NY
33399,36095,"Schoharie, NY",2015,1132716,Schoharie,NY
33400,36097,"Schuyler, NY",2015,697851,Schuyler,NY
33401,36099,"Seneca, NY",2015,1204733,Seneca,NY
33402,36101,"Steuben, NY",2015,3940534,Steuben,NY
33403,36103,"Suffolk, NY",2015,90374812,Suffolk,NY
33404,36105,"Sullivan, NY",2015,3094650,Sullivan,NY
33405,36107,"Tioga, NY",2015,1979723,Tioga,NY
33406,36109,"Tompkins, NY",2015,4174692,Tompkins,NY
33407,36111,"Ulster, NY",2015,7960319,Ulster,NY
33408,36113,"Warren, NY",2015,3002615,Warren,NY
33409,36115,"Washington, NY",2015,2226207,Washington,NY
33410,36117,"Wayne, NY",2015,3715113,Wayne,NY
33411,36119,"Westchester, NY",2015,88927599,Westchester,NY
33412,36121,"Wyoming, NY",2015,1475962,Wyoming,NY
33413,36123,"Yates, NY",2015,870613,Yates,NY
36501,36001,"Albany, NY",2016,16746709,Albany,NY
36502,36003,"Allegany, NY",2016,1630792,Allegany,NY
36503,36005,"Bronx, NY",2016,46570255,Bronx,NY
36504,36007,"Broome, NY",2016,7710869,Broome,NY
36505,36009,"Cattaraugus, NY",2016,2816002,Cattaraugus,NY
36506,36011,"Cayuga, NY",2016,3023089,Cayuga,NY
36507,36013,"Chautauqua, NY",2016,4780406,Chautauqua,NY
36508,36015,"Chemung, NY",2016,3421413,Chemung,NY
36509,36017,"Chenango, NY",2016,1690720,Chenango,NY
36510,36019,"Clinton, NY",2016,3282893,Clinton,NY
36511,36021,"Columbia, NY",2016,3122751,Columbia,NY
36512,36023,"Cortland, NY",2016,1766687,Cortland,NY
36513,36025,"Delaware, NY",2016,1608684,Delaware,NY
36514,36027,"Dutchess, NY",2016,15047811,Dutchess,NY
36515,36029,"Erie, NY",2016,42605292,Erie,NY
36516,36031,"Essex, NY",2016,1565591,Essex,NY
36517,36033,"Franklin, NY",2016,1766266,Franklin,NY
36518,36035,"Fulton, NY",2016,2116062,Fulton,NY
36519,36037,"Genesee, NY",2016,2336833,Genesee,NY
36520,36039,"Greene, NY",2016,2098053,Greene,NY
36521,36041,"Hamilton, NY",2016,229088,Hamilton,NY
36522,36043,"Herkimer, NY",2016,2356268,Herkimer,NY
36523,36045,"Jefferson, NY",2016,4964138,Jefferson,NY
36524,36047,"Kings, NY",2016,116235891,Kings,NY
36525,36049,"Lewis, NY",2016,1101428,Lewis,NY
36526,36051,"Livingston, NY",2016,2488785,Livingston,NY
36527,36053,"Madison, NY",2016,2868414,Madison,NY
36528,36055,"Monroe, NY",2016,35899490,Monroe,NY
36529,36057,"Montgomery, NY",2016,1892090,Montgomery,NY
36530,36059,"Nassau, NY",2016,108695763,Nassau,NY
36531,36061,"New York, NY",2016,259538845,New York,NY
36532,36063,"Niagara, NY",2016,8683285,Niagara,NY
36533,36065,"Oneida, NY",2016,9281558,Oneida,NY
36534,36067,"Onondaga, NY",2016,22160517,Onondaga,NY
36535,36069,"Ontario, NY",2016,5393677,Ontario,NY
36536,36071,"Orange, NY",2016,18003749,Orange,NY
36537,36073,"Orleans, NY",2016,1471197,Orleans,NY
36538,36075,"Oswego, NY",2016,4358391,Oswego,NY
36539,36077,"Otsego, NY",2016,2389732,Otsego,NY
36540,36079,"Putnam, NY",2016,6040755,Putnam,NY
36541,36081,"Queens, NY",2016,100580877,Queens,NY
36542,36083,"Rensselaer, NY",2016,7161464,Rensselaer,NY
36543,36085,"Richmond, NY",2016,24354143,Richmond,NY
36544,36087,"Rockland, NY",2016,17984685,Rockland,NY
36545,36089,"St. Lawrence, NY",2016,3790786,St. Lawrence,NY
36546,36091,"Saratoga, NY",2016,14220912,Saratoga,NY
36547,36093,"Schenectady, NY",2016,7125524,Schenectady,NY
36548,36095,"Schoharie, NY",2016,1165759,Schoharie,NY
36549,36097,"Schuyler, NY",2016,693665,Schuyler,NY
36550,36099,"Seneca, NY",2016,1224450,Seneca,NY
36551,36101,"Steuben, NY",2016,3942619,Steuben,NY
36552,36103,"Suffolk, NY",2016,93868540,Suffolk,NY
36553,36105,"Sullivan, NY",2016,3141169,Sullivan,NY
36554,36107,"Tioga, NY",2016,1988117,Tioga,NY
36555,36109,"Tompkins, NY",2016,4154775,Tompkins,NY
36556,36111,"Ulster, NY",2016,8186051,Ulster,NY
36557,36113,"Warren, NY",2016,3075228,Warren,NY
36558,36115,"Washington, NY",2016,2258184,Washington,NY
36559,36117,"Wayne, NY",2016,3809512,Wayne,NY
36560,36119,"Westchester, NY",2016,91776794,Westchester,NY
36561,36121,"Wyoming, NY",2016,1483495,Wyoming,NY
36562,36123,"Yates, NY",2016,907706,Yates,NY
39650,36001,"Albany, NY",2017,17925152,Albany,NY
39651,36003,"Allegany, NY",2017,1857030,Allegany,NY
39652,36005,"Bronx, NY",2017,49421806,Bronx,NY
39653,36007,"Broome, NY",2017,8128114,Broome,NY
39654,36009,"Cattaraugus, NY",2017,2966288,Cattaraugus,NY
39655,36011,"Cayuga, NY",2017,3166033,Cayuga,NY
39656,36013,"Chautauqua, NY",2017,5029603,Chautauqua,NY
39657,36015,"Chemung, NY",2017,3569951,Chemung,NY
39658,36017,"Chenango, NY",2017,1799575,Chenango,NY
39659,36019,"Clinton, NY",2017,3434361,Clinton,NY
39660,36021,"Columbia, NY",2017,3248440,Columbia,NY
39661,36023,"Cortland, NY",2017,1865075,Cortland,NY
39662,36025,"Delaware, NY",2017,1700591,Delaware,NY
39663,36027,"Dutchess, NY",2017,15791217,Dutchess,NY
39664,36029,"Erie, NY",2017,44705180,Erie,NY
39665,36031,"Essex, NY",2017,1647191,Essex,NY
39666,36033,"Franklin, NY",2017,1852631,Franklin,NY
39667,36035,"Fulton, NY",2017,2222954,Fulton,NY
39668,36037,"Genesee, NY",2017,2435592,Genesee,NY
39669,36039,"Greene, NY",2017,2195324,Greene,NY
39670,36041,"Hamilton, NY",2017,235497,Hamilton,NY
39671,36043,"Herkimer, NY",2017,2473805,Herkimer,NY
39672,36045,"Jefferson, NY",2017,5128599,Jefferson,NY
39673,36047,"Kings, NY",2017,125432886,Kings,NY
39674,36049,"Lewis, NY",2017,1154163,Lewis,NY
39675,36051,"Livingston, NY",2017,2741530,Livingston,NY
39676,36053,"Madison, NY",2017,3031244,Madison,NY
39677,36055,"Monroe, NY",2017,37539566,Monroe,NY
39678,36057,"Montgomery, NY",2017,1988224,Montgomery,NY
39679,36059,"Nassau, NY",2017,114776587,Nassau,NY
39680,36061,"New York, NY",2017,285915130,New York,NY
39681,36063,"Niagara, NY",2017,9158601,Niagara,NY
39682,36065,"Oneida, NY",2017,9774315,Oneida,NY
39683,36067,"Onondaga, NY",2017,23198885,Onondaga,NY
39684,36069,"Ontario, NY",2017,5685708,Ontario,NY
39685,36071,"Orange, NY",2017,18869389,Orange,NY
39686,36073,"Orleans, NY",2017,1518291,Orleans,NY
39687,36075,"Oswego, NY",2017,4598213,Oswego,NY
39688,36077,"Otsego, NY",2017,2519670,Otsego,NY
39689,36079,"Putnam, NY",2017,6253398,Putnam,NY
39690,36081,"Queens, NY",2017,106776920,Queens,NY
39691,36083,"Rensselaer, NY",2017,7531626,Rensselaer,NY
39692,36085,"Richmond, NY",2017,25605820,Richmond,NY
39693,36087,"Rockland, NY",2017,18650453,Rockland,NY
39694,36089,"St. Lawrence, NY",2017,4007130,St. Lawrence,NY
39695,36091,"Saratoga, NY",2017,14890849,Saratoga,NY
39696,36093,"Schenectady, NY",2017,7474445,Schenectady,NY
39697,36095,"Schoharie, NY",2017,1239820,Schoharie,NY
39698,36097,"Schuyler, NY",2017,724223,Schuyler,NY
39699,36099,"Seneca, NY",2017,1291609,Seneca,NY
39700,36101,"Steuben, NY",2017,4137486,Steuben,NY
39701,36103,"Suffolk, NY",2017,97728853,Suffolk,NY
39702,36105,"Sullivan, NY",2017,3302198,Sullivan,NY
39703,36107,"Tioga, NY",2017,2098223,Tioga,NY
39704,36109,"Tompkins, NY",2017,4400962,Tompkins,NY
39705,36111,"Ulster, NY",2017,8581973,Ulster,NY
39706,36113,"Warren, NY",2017,3247534,Warren,NY
39707,36115,"Washington, NY",2017,2400065,Washington,NY
39708,36117,"Wayne, NY",2017,4012423,Wayne,NY
39709,36119,"Westchester, NY",2017,98185754,Westchester,NY
39710,36121,"Wyoming, NY",2017,1573605,Wyoming,NY
39711,36123,"Yates, NY",2017,958920,Yates,NY
42799,36001,"Albany, NY",2018,18084599,Albany,NY
42800,36003,"Allegany, NY",2018,1861874,Allegany,NY
42801,36005,"Bronx, NY",2018,50975925,Bronx,NY
42802,36007,"Broome, NY",2018,8292494,Broome,NY
42803,36009,"Cattaraugus, NY",2018,2980621,Cattaraugus,NY
42804,36011,"Cayuga, NY",2018,3211587,Cayuga,NY
42805,36013,"Chautauqua, NY",2018,5041755,Chautauqua,NY
42806,36015,"Chemung, NY",2018,3670532,Chemung,NY
42807,36017,"Chenango, NY",2018,1882620,Chenango,NY
42808,36019,"Clinton, NY",2018,3453111,Clinton,NY
42809,36021,"Columbia, NY",2018,3265569,Columbia,NY
42810,36023,"Cortland, NY",2018,1916097,Cortland,NY
42811,36025,"Delaware, NY",2018,1731791,Delaware,NY
42812,36027,"Dutchess, NY",2018,16245178,Dutchess,NY
42813,36029,"Erie, NY",2018,45947707,Erie,NY
42814,36031,"Essex, NY",2018,1683473,Essex,NY
42815,36033,"Franklin, NY",2018,1859561,Franklin,NY
42816,36035,"Fulton, NY",2018,2271035,Fulton,NY
42817,36037,"Genesee, NY",2018,2483008,Genesee,NY
42818,36039,"Greene, NY",2018,2207068,Greene,NY
42819,36041,"Hamilton, NY",2018,239208,Hamilton,NY
42820,36043,"Herkimer, NY",2018,2504675,Herkimer,NY
42821,36045,"Jefferson, NY",2018,5181000,Jefferson,NY
42822,36047,"Kings, NY",2018,132232929,Kings,NY
42823,36049,"Lewis, NY",2018,1175232,Lewis,NY
42824,36051,"Livingston, NY",2018,2857819,Livingston,NY
42825,36053,"Madison, NY",2018,3084658,Madison,NY
42826,36055,"Monroe, NY",2018,38505593,Monroe,NY
42827,36057,"Montgomery, NY",2018,1991072,Montgomery,NY
42828,36059,"Nassau, NY",2018,119231077,Nassau,NY
42829,36061,"New York, NY",2018,293583447,New York,NY
42830,36063,"Niagara, NY",2018,9322357,Niagara,NY
42831,36065,"Oneida, NY",2018,10036052,Oneida,NY
42832,36067,"Onondaga, NY",2018,24093733,Onondaga,NY
42833,36069,"Ontario, NY",2018,5795967,Ontario,NY
42834,36071,"Orange, NY",2018,19472943,Orange,NY
42835,36073,"Orleans, NY",2018,1546603,Orleans,NY
42836,36075,"Oswego, NY",2018,4668060,Oswego,NY
42837,36077,"Otsego, NY",2018,2586977,Otsego,NY
42838,36079,"Putnam, NY",2018,6553512,Putnam,NY
42839,36081,"Queens, NY",2018,111124602,Queens,NY
42840,36083,"Rensselaer, NY",2018,7717829,Rensselaer,NY
42841,36085,"Richmond, NY",2018,26371273,Richmond,NY
42842,36087,"Rockland, NY",2018,19362793,Rockland,NY
42843,36089,"St. Lawrence, NY",2018,4056868,St. Lawrence,NY
42844,36091,"Saratoga, NY",2018,15936478,Saratoga,NY
42845,36093,"Schenectady, NY",2018,7514917,Schenectady,NY
42846,36095,"Schoharie, NY",2018,1267202,Schoharie,NY
42847,36097,"Schuyler, NY",2018,732542,Schuyler,NY
42848,36099,"Seneca, NY",2018,1308923,Seneca,NY
42849,36101,"Steuben, NY",2018,4268529,Steuben,NY
42850,36103,"Suffolk, NY",2018,101608550,Suffolk,NY
42851,36105,"Sullivan, NY",2018,3440854,Sullivan,NY
42852,36107,"Tioga, NY",2018,2161963,Tioga,NY
42853,36109,"Tompkins, NY",2018,4520920,Tompkins,NY
42854,36111,"Ulster, NY",2018,8897244,Ulster,NY
42855,36113,"Warren, NY",2018,3337649,Warren,NY
42856,36115,"Washington, NY",2018,2441233,Washington,NY
42857,36117,"Wayne, NY",2018,4101592,Wayne,NY
42858,36119,"Westchester, NY",2018,102211565,Westchester,NY
42859,36121,"Wyoming, NY",2018,1592432,Wyoming,NY
42860,36123,"Yates, NY",2018,964529,Yates,NY
45948,36001,"Albany, NY",2019,19434199,Albany,NY
45949,36003,"Allegany, NY",2019,1924061,Allegany,NY
45950,36005,"Bronx, NY",2019,54615599,Bronx,NY
45951,36007,"Broome, NY",2019,8629318,Broome,NY
45952,36009,"Cattaraugus, NY",2019,3117625,Cattaraugus,NY
45953,36011,"Cayuga, NY",2019,3386224,Cayuga,NY
45954,36013,"Chautauqua, NY",2019,5231515,Chautauqua,NY
45955,36015,"Chemung, NY",2019,3822807,Chemung,NY
45956,36017,"Chenango, NY",2019,1998692,Chenango,NY
45957,36019,"Clinton, NY",2019,3572744,Clinton,NY
45958,36021,"Columbia, NY",2019,3517284,Columbia,NY
45959,36023,"Cortland, NY",2019,1938813,Cortland,NY
45960,36025,"Delaware, NY",2019,1845530,Delaware,NY
45961,36027,"Dutchess, NY",2019,17476079,Dutchess,NY
45962,36029,"Erie, NY",2019,47862041,Erie,NY
45963,36031,"Essex, NY",2019,1752666,Essex,NY
45964,36033,"Franklin, NY",2019,1968852,Franklin,NY
45965,36035,"Fulton, NY",2019,2349733,Fulton,NY
45966,36037,"Genesee, NY",2019,2595409,Genesee,NY
45967,36039,"Greene, NY",2019,2317200,Greene,NY
45968,36041,"Hamilton, NY",2019,247361,Hamilton,NY
45969,36043,"Herkimer, NY",2019,2611541,Herkimer,NY
45970,36045,"Jefferson, NY",2019,5366477,Jefferson,NY
45971,36047,"Kings, NY",2019,140236138,Kings,NY
45972,36049,"Lewis, NY",2019,1251504,Lewis,NY
45973,36051,"Livingston, NY",2019,2917614,Livingston,NY
45974,36053,"Madison, NY",2019,3257292,Madison,NY
45975,36055,"Monroe, NY",2019,39876674,Monroe,NY
45976,36057,"Montgomery, NY",2019,2083340,Montgomery,NY
45977,36059,"Nassau, NY",2019,123437925,Nassau,NY
45978,36061,"New York, NY",2019,287980674,New York,NY
45979,36063,"Niagara, NY",2019,9773969,Niagara,NY
45980,36065,"Oneida, NY",2019,10556534,Oneida,NY
45981,36067,"Onondaga, NY",2019,25049821,Onondaga,NY
45982,36069,"Ontario, NY",2019,6126743,Ontario,NY
45983,36071,"Orange, NY",2019,20564670,Orange,NY
45984,36073,"Orleans, NY",2019,1601849,Orleans,NY
45985,36075,"Oswego, NY",2019,4881335,Oswego,NY
45986,36077,"Otsego, NY",2019,2707169,Otsego,NY
45987,36079,"Putnam, NY",2019,6826861,Putnam,NY
45988,36081,"Queens, NY",2019,116837701,Queens,NY
45989,36083,"Rensselaer, NY",2019,8059733,Rensselaer,NY
45990,36085,"Richmond, NY",2019,27744726,Richmond,NY
45991,36087,"Rockland, NY",2019,20236992,Rockland,NY
45992,36089,"St. Lawrence, NY",2019,4208244,St. Lawrence,NY
45993,36091,"Saratoga, NY",2019,15683701,Saratoga,NY
45994,36093,"Schenectady, NY",2019,7913766,Schenectady,NY
45995,36095,"Schoharie, NY",2019,1334710,Schoharie,NY
45996,36097,"Schuyler, NY",2019,765560,Schuyler,NY
45997,36099,"Seneca, NY",2019,1374425,Seneca,NY
45998,36101,"Steuben, NY",2019,4432855,Steuben,NY
45999,36103,"Suffolk, NY",2019,109079742,Suffolk,NY
46000,36105,"Sullivan, NY",2019,3683076,Sullivan,NY
46001,36107,"Tioga, NY",2019,2241484,Tioga,NY
46002,36109,"Tompkins, NY",2019,4736859,Tompkins,NY
46003,36111,"Ulster, NY",2019,9642329,Ulster,NY
46004,36113,"Warren, NY",2019,3501829,Warren,NY
46005,36115,"Washington, NY",2019,2577757,Washington,NY
46006,36117,"Wayne, NY",2019,4369218,Wayne,NY
46007,36119,"Westchester, NY",2019,105970868,Westchester,NY
46008,36121,"Wyoming, NY",2019,1698363,Wyoming,NY
46009,36123,"Yates, NY",2019,1045362,Yates,NY
49097,36001,"Albany, NY",2020,21202012,Albany,NY
49098,36003,"Allegany, NY",2020,1977829,Allegany,NY
49099,36005,"Bronx, NY",2020,62170768,Bronx,NY
49100,36007,"Broome, NY",2020,9386304,Broome,NY
49101,36009,"Cattaraugus, NY",2020,3426112,Cattaraugus,NY
49102,36011,"Cayuga, NY",2020,3741408,Cayuga,NY
49103,36013,"Chautauqua, NY",2020,5698689,Chautauqua,NY
49104,36015,"Chemung, NY",2020,4122842,Chemung,NY
49105,36017,"Chenango, NY",2020,2231648,Chenango,NY
49106,36019,"Clinton, NY",2020,3879303,Clinton,NY
49107,36021,"Columbia, NY",2020,3888385,Columbia,NY
49108,36023,"Cortland, NY",2020,2152594,Cortland,NY
49109,36025,"Delaware, NY",2020,1994591,Delaware,NY
49110,36027,"Dutchess, NY",2020,18561272,Dutchess,NY
49111,36029,"Erie, NY",2020,52508064,Erie,NY
49112,36031,"Essex, NY",2020,1912340,Essex,NY
49113,36033,"Franklin, NY",2020,2156004,Franklin,NY
49114,36035,"Fulton, NY",2020,2582823,Fulton,NY
49115,36037,"Genesee, NY",2020,2818259,Genesee,NY
49116,36039,"Greene, NY",2020,2570594,Greene,NY
49117,36041,"Hamilton, NY",2020,273884,Hamilton,NY
49118,36043,"Herkimer, NY",2020,2870856,Herkimer,NY
49119,36045,"Jefferson, NY",2020,5854750,Jefferson,NY
49120,36047,"Kings, NY",2020,151814445,Kings,NY
49121,36049,"Lewis, NY",2020,1364083,Lewis,NY
49122,36051,"Livingston, NY",2020,3051938,Livingston,NY
49123,36053,"Madison, NY",2020,3535724,Madison,NY
49124,36055,"Monroe, NY",2020,43354594,Monroe,NY
49125,36057,"Montgomery, NY",2020,2301571,Montgomery,NY
49126,36059,"Nassau, NY",2020,127675935,Nassau,NY
49127,36061,"New York, NY",2020,278231074,New York,NY
49128,36063,"Niagara, NY",2020,10701937,Niagara,NY
49129,36065,"Oneida, NY",2020,11498370,Oneida,NY
49130,36067,"Onondaga, NY",2020,27463045,Onondaga,NY
49131,36069,"Ontario, NY",2020,6587066,Ontario,NY
49132,36071,"Orange, NY",2020,22178819,Orange,NY
49133,36073,"Orleans, NY",2020,1784979,Orleans,NY
49134,36075,"Oswego, NY",2020,5358486,Oswego,NY
49135,36077,"Otsego, NY",2020,2949964,Otsego,NY
49136,36079,"Putnam, NY",2020,7227415,Putnam,NY
49137,36081,"Queens, NY",2020,128214450,Queens,NY
49138,36083,"Rensselaer, NY",2020,8752750,Rensselaer,NY
49139,36085,"Richmond, NY",2020,29748380,Richmond,NY
49140,36087,"Rockland, NY",2020,21742474,Rockland,NY
49141,36089,"St. Lawrence, NY",2020,4638575,St. Lawrence,NY
49142,36091,"Saratoga, NY",2020,16425881,Saratoga,NY
49143,36093,"Schenectady, NY",2020,8600479,Schenectady,NY
49144,36095,"Schoharie, NY",2020,1456068,Schoharie,NY
49145,36097,"Schuyler, NY",2020,847275,Schuyler,NY
49146,36099,"Seneca, NY",2020,1497237,Seneca,NY
49147,36101,"Steuben, NY",2020,4791204,Steuben,NY
49148,36103,"Suffolk, NY",2020,117302168,Suffolk,NY
49149,36105,"Sullivan, NY",2020,4010711,Sullivan,NY
49150,36107,"Tioga, NY",2020,2435970,Tioga,NY
49151,36109,"Tompkins, NY",2020,5063086,Tompkins,NY
49152,36111,"Ulster, NY",2020,10371326,Ulster,NY
49153,36113,"Warren, NY",2020,3897391,Warren,NY
49154,36115,"Washington, NY",2020,2835134,Washington,NY
49155,36117,"Wayne, NY",2020,4703858,Wayne,NY
49156,36119,"Westchester, NY",2020,110255179,Westchester,NY
49157,36121,"Wyoming, NY",2020,1864809,Wyoming,NY
49158,36123,"Yates, NY",2020,1129761,Yates,NY
52246,36001,"Albany, NY",2021,23311013,Albany,NY
52247,36003,"Allegany, NY",2021,1989163,Allegany,NY
52248,36005,"Bronx, NY",2021,63043305,Bronx,NY
52249,36007,"Broome, NY",2021,9973741,Broome,NY
52250,36009,"Cattaraugus, NY",2021,3566308,Cattaraugus,NY
52251,36011,"Cayuga, NY",2021,3960161,Cayuga,NY
52252,36013,"Chautauqua, NY",2021,6030770,Chautauqua,NY
52253,36015,"Chemung, NY",2021,4321317,Chemung,NY
52254,36017,"Chenango, NY",2021,2360931,Chenango,NY
52255,36019,"Clinton, NY",2021,4084081,Clinton,NY
52256,36021,"Columbia, NY",2021,4238347,Columbia,NY
52257,36023,"Cortland, NY",2021,2256825,Cortland,NY
52258,36025,"Delaware, NY",2021,2117020,Delaware,NY
52259,36027,"Dutchess, NY",2021,20004904,Dutchess,NY
52260,36029,"Erie, NY",2021,55330136,Erie,NY
52261,36031,"Essex, NY",2021,2052905,Essex,NY
52262,36033,"Franklin, NY",2021,2321313,Franklin,NY
52263,36035,"Fulton, NY",2021,2692002,Fulton,NY
52264,36037,"Genesee, NY",2021,2919668,Genesee,NY
52265,36039,"Greene, NY",2021,2736961,Greene,NY
52266,36041,"Hamilton, NY",2021,286255,Hamilton,NY
52267,36043,"Herkimer, NY",2021,3081695,Herkimer,NY
52268,36045,"Jefferson, NY",2021,6198736,Jefferson,NY
52269,36047,"Kings, NY",2021,163981892,Kings,NY
52270,36049,"Lewis, NY",2021,1447556,Lewis,NY
52271,36051,"Livingston, NY",2021,3113526,Livingston,NY
52272,36053,"Madison, NY",2021,3771380,Madison,NY
52273,36055,"Monroe, NY",2021,45305677,Monroe,NY
52274,36057,"Montgomery, NY",2021,2385810,Montgomery,NY
52275,36059,"Nassau, NY",2021,135459295,Nassau,NY
52276,36061,"New York, NY",2021,310221286,New York,NY
52277,36063,"Niagara, NY",2021,11063842,Niagara,NY
52278,36065,"Oneida, NY",2021,12118988,Oneida,NY
52279,36067,"Onondaga, NY",2021,28816981,Onondaga,NY
52280,36069,"Ontario, NY",2021,6970954,Ontario,NY
52281,36071,"Orange, NY",2021,23413541,Orange,NY
52282,36073,"Orleans, NY",2021,1859022,Orleans,NY
52283,36075,"Oswego, NY",2021,5678948,Oswego,NY
52284,36077,"Otsego, NY",2021,3104175,Otsego,NY
52285,36079,"Putnam, NY",2021,7662928,Putnam,NY
52286,36081,"Queens, NY",2021,131227027,Queens,NY
52287,36083,"Rensselaer, NY",2021,9048274,Rensselaer,NY
52288,36085,"Richmond, NY",2021,31086331,Richmond,NY
52289,36087,"Rockland, NY",2021,23114139,Rockland,NY
52290,36089,"St. Lawrence, NY",2021,4925818,St. Lawrence,NY
52291,36091,"Saratoga, NY",2021,17680364,Saratoga,NY
52292,36093,"Schenectady, NY",2021,9236053,Schenectady,NY
52293,36095,"Schoharie, NY",2021,1517789,Schoharie,NY
52294,36097,"Schuyler, NY",2021,888731,Schuyler,NY
52295,36099,"Seneca, NY",2021,1597615,Seneca,NY
52296,36101,"Steuben, NY",2021,5074340,Steuben,NY
52297,36103,"Suffolk, NY",2021,126122433,Suffolk,NY
52298,36105,"Sullivan, NY",2021,4306287,Sullivan,NY
52299,36107,"Tioga, NY",2021,2511460,Tioga,NY
52300,36109,"Tompkins, NY",2021,5345995,Tompkins,NY
52301,36111,"Ulster, NY",2021,11247196,Ulster,NY
52302,36113,"Warren, NY",2021,4028061,Warren,NY
52303,36115,"Washington, NY",2021,2953004,Washington,NY
52304,36117,"Wayne, NY",2021,4990695,Wayne,NY
52305,36119,"Westchester, NY",2021,120220534,Westchester,NY
52306,36121,"Wyoming, NY",2021,2017022,Wyoming,NY
52307,36123,"Yates, NY",2021,1226781,Yates,NY
55395,36001,"Albany, NY",2022,23390947,Albany,NY
55396,36003,"Allegany, NY",2022,1904704,Allegany,NY
55397,36005,"Bronx, NY",2022,59077904,Bronx,NY
55398,36007,"Broome, NY",2022,9712361,Broome,NY
55399,36009,"Cattaraugus, NY",2022,3507513,Cattaraugus,NY
55400,36011,"Cayuga, NY",2022,3893445,Cayuga,NY
55401,36013,"Chautauqua, NY",2022,5937644,Chautauqua,NY
55402,36015,"Chemung, NY",2022,4264555,Chemung,NY
55403,36017,"Chenango, NY",2022,2380174,Chenango,NY
55404,36019,"Clinton, NY",2022,4091436,Clinton,NY
55405,36021,"Columbia, NY",2022,4312654,Columbia,NY
55406,36023,"Cortland, NY",2022,2259994,Cortland,NY
55407,36025,"Delaware, NY",2022,2107594,Delaware,NY
55408,36027,"Dutchess, NY",2022,20101163,Dutchess,NY
55409,36029,"Erie, NY",2022,55476480,Erie,NY
55410,36031,"Essex, NY",2022,2027301,Essex,NY
55411,36033,"Franklin, NY",2022,2330635,Franklin,NY
55412,36035,"Fulton, NY",2022,2677355,Fulton,NY
55413,36037,"Genesee, NY",2022,2937671,Genesee,NY
55414,36039,"Greene, NY",2022,2754288,Greene,NY
55415,36041,"Hamilton, NY",2022,281447,Hamilton,NY
55416,36043,"Herkimer, NY",2022,2957543,Herkimer,NY
55417,36045,"Jefferson, NY",2022,6151666,Jefferson,NY
55418,36047,"Kings, NY",2022,165061102,Kings,NY
55419,36049,"Lewis, NY",2022,1477943,Lewis,NY
55420,36051,"Livingston, NY",2022,3115165,Livingston,NY
55421,36053,"Madison, NY",2022,3779297,Madison,NY
55422,36055,"Monroe, NY",2022,45277219,Monroe,NY
55423,36057,"Montgomery, NY",2022,2403572,Montgomery,NY
55424,36059,"Nassau, NY",2022,136743279,Nassau,NY
55425,36061,"New York, NY",2022,319085337,New York,NY
55426,36063,"Niagara, NY",2022,11177386,Niagara,NY
55427,36065,"Oneida, NY",2022,12112888,Oneida,NY
55428,36067,"Onondaga, NY",2022,28634044,Onondaga,NY
55429,36069,"Ontario, NY",2022,6937881,Ontario,NY
55430,36071,"Orange, NY",2022,23334728,Orange,NY
55431,36073,"Orleans, NY",2022,1828074,Orleans,NY
55432,36075,"Oswego, NY",2022,5617531,Oswego,NY
55433,36077,"Otsego, NY",2022,3051506,Otsego,NY
55434,36079,"Putnam, NY",2022,7839278,Putnam,NY
55435,36081,"Queens, NY",2022,130548344,Queens,NY
55436,36083,"Rensselaer, NY",2022,9233492,Rensselaer,NY
55437,36085,"Richmond, NY",2022,30951315,Richmond,NY
55438,36087,"Rockland, NY",2022,22891486,Rockland,NY
55439,36089,"St. Lawrence, NY",2022,4876922,St. Lawrence,NY
55440,36091,"Saratoga, NY",2022,18285931,Saratoga,NY
55441,36093,"Schenectady, NY",2022,9109277,Schenectady,NY
55442,36095,"Schoharie, NY",2022,1524440,Schoharie,NY
55443,36097,"Schuyler, NY",2022,884832,Schuyler,NY
55444,36099,"Seneca, NY",2022,1584023,Seneca,NY
55445,36101,"Steuben, NY",2022,5089166,Steuben,NY
55446,36103,"Suffolk, NY",2022,127753158,Suffolk,NY
55447,36105,"Sullivan, NY",2022,4388881,Sullivan,NY
55448,36107,"Tioga, NY",2022,2488248,Tioga,NY
55449,36109,"Tompkins, NY",2022,5388010,Tompkins,NY
55450,36111,"Ulster, NY",2022,11447394,Ulster,NY
55451,36113,"Warren, NY",2022,4107713,Warren,NY
55452,36115,"Washington, NY",2022,2945684,Washington,NY
55453,36117,"Wayne, NY",2022,5008497,Wayne,NY
55454,36119,"Westchester, NY",2022,122509556,Westchester,NY
55455,36121,"Wyoming, NY",2022,2010705,Wyoming,NY
55456,36123,"Yates, NY",2022,1240781,Yates,NY
