,GeoFIPS,county_name,state_name,year,housing_units
979,36001,Albany County,New York,2009,133501
980,36003,Allegany County,New York,2009,25047
981,36005,Bronx County,New York,2009,508895
982,36007,Broome County,New York,2009,89117
983,36009,Cattaraugus County,New York,2009,40612
984,36011,Cayuga County,New York,2009,36062
985,36013,Chautauqua County,New York,2009,65907
986,36015,Chemung County,New York,2009,38116
987,36017,Chenango County,New York,2009,24373
988,36019,Clinton County,New York,2009,34633
989,36021,Columbia County,New York,2009,31875
990,36023,Cortland County,New York,2009,20397
991,36025,Delaware County,New York,2009,29727
992,36027,Dutchess County,New York,2009,112204
993,36029,Erie County,New York,2009,423285
994,36031,Essex County,New York,2009,24380
995,36033,Franklin County,New York,2009,24544
996,36035,Fulton County,New York,2009,28165
997,36037,Genesee County,New York,2009,24571
998,36039,Greene County,New York,2009,28202
999,36041,Hamilton County,New York,2009,8283
1000,36043,Herkimer County,New York,2009,32632
1001,36045,Jefferson County,New York,2009,57257
2213,36047,Kings County,New York,2009,961271
2214,36049,Lewis County,New York,2009,16108
2215,36051,Livingston County,New York,2009,25066
2216,36053,Madison County,New York,2009,29612
2217,36055,Monroe County,New York,2009,313630
2218,36057,Montgomery County,New York,2009,22630
2219,36059,Nassau County,New York,2009,458626
2220,36061,New York County,New York,2009,845057
2221,36063,Niagara County,New York,2009,98112
2222,36065,Oneida County,New York,2009,103749
2223,36067,Onondaga County,New York,2009,202258
2224,36069,Ontario County,New York,2009,45483
2225,36071,Orange County,New York,2009,133932
2226,36073,Orleans County,New York,2009,17591
2227,36075,Oswego County,New York,2009,54166
2228,36077,Otsego County,New York,2009,30646
2229,36079,Putnam County,New York,2009,36464
2230,36081,Queens County,New York,2009,836112
2231,36083,Rensselaer County,New York,2009,68951
2232,36085,Richmond County,New York,2009,178237
2233,36087,Rockland County,New York,2009,98610
2234,36089,St. Lawrence County,New York,2009,50836
2235,36091,Saratoga County,New York,2009,94748
2236,36093,Schenectady County,New York,2009,66283
2237,36095,Schoharie County,New York,2009,16552
2238,36097,Schuyler County,New York,2009,9451
2239,36099,Seneca County,New York,2009,14927
2240,36101,Steuben County,New York,2009,47072
2241,36103,Suffolk County,New York,2009,543628
2242,36105,Sullivan County,New York,2009,48369
2243,36107,Tioga County,New York,2009,21833
2244,36109,Tompkins County,New York,2009,40689
2245,36111,Ulster County,New York,2009,81613
2246,36113,Warren County,New York,2009,37467
2247,36115,Washington County,New York,2009,28395
2248,36117,Wayne County,New York,2009,40126
2249,36119,Westchester County,New York,2009,360130
2250,36121,Wyoming County,New York,2009,17331
2251,36123,Yates County,New York,2009,12489
5425,36001,Albany County,New York,2010,136810
5426,36003,Allegany County,New York,2010,25908
5427,36005,Bronx County,New York,2010,509665
5428,36007,Broome County,New York,2010,90348
5429,36009,Cattaraugus County,New York,2010,41032
5430,36011,Cayuga County,New York,2010,36469
5431,36013,Chautauqua County,New York,2010,66784
5432,36015,Chemung County,New York,2010,38371
5433,36017,Chenango County,New York,2010,24615
5434,36019,Clinton County,New York,2010,35523
5435,36021,Columbia County,New York,2010,32501
5436,36023,Cortland County,New York,2010,20515
5437,36025,Delaware County,New York,2010,30890
5438,36027,Dutchess County,New York,2010,116946
5439,36029,Erie County,New York,2010,420432
5440,36031,Essex County,New York,2010,25312
5441,36033,Franklin County,New York,2010,25149
5442,36035,Fulton County,New York,2010,28464
5443,36037,Genesee County,New York,2010,25409
5444,36039,Greene County,New York,2010,28883
5445,36041,Hamilton County,New York,2010,8555
5446,36043,Herkimer County,New York,2010,33219
5447,36045,Jefferson County,New York,2010,57168
5448,36047,Kings County,New York,2010,986482
5449,36049,Lewis County,New York,2010,15230
5450,36051,Livingston County,New York,2010,26774
5451,36053,Madison County,New York,2010,31243
5452,36055,Monroe County,New York,2010,318793
5453,36057,Montgomery County,New York,2010,23020
5454,36059,Nassau County,New York,2010,466721
5455,36061,New York County,New York,2010,839013
5456,36063,Niagara County,New York,2010,98686
5457,36065,Oneida County,New York,2010,104049
5458,36067,Onondaga County,New York,2010,201871
5459,36069,Ontario County,New York,2010,47290
5460,36071,Orange County,New York,2010,135562
5461,36073,Orleans County,New York,2010,18300
5462,36075,Oswego County,New York,2010,53652
5463,36077,Otsego County,New York,2010,30725
5464,36079,Putnam County,New York,2010,37881
5465,36081,Queens County,New York,2010,832357
5466,36083,Rensselaer County,New York,2010,70891
5467,36085,Richmond County,New York,2010,175907
5468,36087,Rockland County,New York,2010,102533
5469,36089,St. Lawrence County,New York,2010,51845
5470,36091,Saratoga County,New York,2010,97153
5471,36093,Schenectady County,New York,2010,67701
5472,36095,Schoharie County,New York,2010,17065
5473,36097,Schuyler County,New York,2010,9424
5474,36099,Seneca County,New York,2010,15810
5475,36101,Steuben County,New York,2010,48562
5476,36103,Suffolk County,New York,2010,564684
5477,36105,Sullivan County,New York,2010,48675
5478,36107,Tioga County,New York,2010,22109
5479,36109,Tompkins County,New York,2010,41381
5480,36111,Ulster County,New York,2010,83007
5481,36113,Warren County,New York,2010,38343
5482,36115,Washington County,New York,2010,28626
5483,36117,Wayne County,New York,2010,40825
5484,36119,Westchester County,New York,2010,368498
5485,36121,Wyoming County,New York,2010,17876
5486,36123,Yates County,New York,2010,13303
7608,36005,Bronx County,New York,2011,511180
7609,36067,Onondaga County,New York,2011,202150
7610,36019,Clinton County,New York,2011,35705
7611,36099,Seneca County,New York,2011,15955
7612,36079,Putnam County,New York,2011,38073
7613,36043,Herkimer County,New York,2011,33349
7614,36069,Ontario County,New York,2011,47816
7615,36101,Steuben County,New York,2011,48748
7616,36041,Hamilton County,New York,2011,8653
7617,36013,Chautauqua County,New York,2011,66854
7618,36047,Kings County,New York,2011,993379
7619,36107,Tioga County,New York,2011,22181
7620,36073,Orleans County,New York,2011,18381
7621,36091,Saratoga County,New York,2011,97987
7622,36021,Columbia County,New York,2011,32662
7864,36095,Schoharie County,New York,2011,17185
7865,36035,Fulton County,New York,2011,28531
7866,36083,Rensselaer County,New York,2011,71272
7867,36033,Franklin County,New York,2011,25251
7868,36081,Queens County,New York,2011,833401
7869,36115,Washington County,New York,2011,28758
7870,36061,New York County,New York,2011,842807
7871,36011,Cayuga County,New York,2011,36471
7872,36087,Rockland County,New York,2011,103392
7873,36063,Niagara County,New York,2011,98965
7874,36031,Essex County,New York,2011,25474
7875,36059,Nassau County,New York,2011,467515
7876,36097,Schuyler County,New York,2011,9458
7877,36017,Chenango County,New York,2011,24677
7878,36045,Jefferson County,New York,2011,57581
7879,36103,Suffolk County,New York,2011,567748
7880,36121,Wyoming County,New York,2011,17920
7881,36075,Oswego County,New York,2011,53692
7882,36117,Wayne County,New York,2011,40913
7883,36007,Broome County,New York,2011,90431
7884,36029,Erie County,New York,2011,420164
7885,36105,Sullivan County,New York,2011,48987
7886,36071,Orange County,New York,2011,136331
9552,36049,Lewis County,New York,2011,15155
9553,36119,Westchester County,New York,2011,369753
9554,36025,Delaware County,New York,2011,31092
9555,36057,Montgomery County,New York,2011,23023
9556,36085,Richmond County,New York,2011,176225
9557,36089,St. Lawrence County,New York,2011,52006
9558,36109,Tompkins County,New York,2011,41528
9559,36113,Warren County,New York,2011,38572
9560,36023,Cortland County,New York,2011,20517
9561,36027,Dutchess County,New York,2011,117933
9562,36055,Monroe County,New York,2011,319930
9563,36065,Oneida County,New York,2011,104186
9564,36111,Ulster County,New York,2011,83330
9565,36015,Chemung County,New York,2011,38389
9566,36051,Livingston County,New York,2011,26965
9567,36077,Otsego County,New York,2011,30739
9568,36039,Greene County,New York,2011,29063
9569,36001,Albany County,New York,2011,137299
9570,36003,Allegany County,New York,2011,26057
9571,36009,Cattaraugus County,New York,2011,41069
9572,36053,Madison County,New York,2011,31539
9573,36093,Schenectady County,New York,2011,67992
9574,36037,Genesee County,New York,2011,25521
9575,36123,Yates County,New York,2011,13423
11326,36005,Bronx County,New York,2012,512420
11327,36067,Onondaga County,New York,2012,202570
11328,36019,Clinton County,New York,2012,35809
11329,36099,Seneca County,New York,2012,16020
11330,36079,Putnam County,New York,2012,38135
11331,36043,Herkimer County,New York,2012,33333
11332,36069,Ontario County,New York,2012,48080
11333,36101,Steuben County,New York,2012,48788
11334,36041,Hamilton County,New York,2012,8684
11335,36013,Chautauqua County,New York,2012,66832
11336,36047,Kings County,New York,2012,998773
11337,36107,Tioga County,New York,2012,22196
11338,36073,Orleans County,New York,2012,18365
11339,36091,Saratoga County,New York,2012,98758
11340,36021,Columbia County,New York,2012,32710
11341,36049,Lewis County,New York,2012,15183
11342,36119,Westchester County,New York,2012,370133
11343,36025,Delaware County,New York,2012,31143
11344,36057,Montgomery County,New York,2012,23079
11345,36085,Richmond County,New York,2012,176730
11346,36089,St. Lawrence County,New York,2012,52077
11347,36109,Tompkins County,New York,2012,41662
11348,36113,Warren County,New York,2012,38691
11349,36023,Cortland County,New York,2012,20524
11350,36027,Dutchess County,New York,2012,118256
11351,36055,Monroe County,New York,2012,320238
11352,36065,Oneida County,New York,2012,104037
11502,36015,Chemung County,New York,2012,38326
11503,36051,Livingston County,New York,2012,27046
11504,36077,Otsego County,New York,2012,30737
11505,36039,Greene County,New York,2012,29159
11506,36001,Albany County,New York,2012,137426
11507,36003,Allegany County,New York,2012,26046
11508,36009,Cattaraugus County,New York,2012,41085
11509,36053,Madison County,New York,2012,31651
11510,36093,Schenectady County,New York,2012,68047
11511,36037,Genesee County,New York,2012,25537
11512,36123,Yates County,New York,2012,13456
11539,36111,Ulster County,New York,2012,83558
12022,36095,Schoharie County,New York,2012,17183
12023,36035,Fulton County,New York,2012,28525
12024,36083,Rensselaer County,New York,2012,71366
12025,36033,Franklin County,New York,2012,25277
12026,36081,Queens County,New York,2012,836722
12027,36115,Washington County,New York,2012,28802
12028,36061,New York County,New York,2012,846819
12029,36011,Cayuga County,New York,2012,36448
12030,36087,Rockland County,New York,2012,103816
12031,36063,Niagara County,New York,2012,99065
12032,36031,Essex County,New York,2012,25531
12033,36059,Nassau County,New York,2012,467418
12034,36097,Schuyler County,New York,2012,9456
12035,36017,Chenango County,New York,2012,24671
12036,36045,Jefferson County,New York,2012,57866
12037,36103,Suffolk County,New York,2012,568570
12038,36121,Wyoming County,New York,2012,17934
12039,36075,Oswego County,New York,2012,53631
12040,36117,Wayne County,New York,2012,40976
12041,36007,Broome County,New York,2012,90357
12042,36029,Erie County,New York,2012,420143
12043,36105,Sullivan County,New York,2012,49179
12044,36071,Orange County,New York,2012,137168
13366,36005,Bronx County,New York,2013,513595
13367,36067,Onondaga County,New York,2013,202816
13368,36019,Clinton County,New York,2013,35800
13369,36099,Seneca County,New York,2013,16036
13370,36079,Putnam County,New York,2013,38181
13371,36043,Herkimer County,New York,2013,33307
13372,36069,Ontario County,New York,2013,48325
13373,36101,Steuben County,New York,2013,48758
13374,36041,Hamilton County,New York,2013,8688
13375,36013,Chautauqua County,New York,2013,66731
13376,36047,Kings County,New York,2013,1002389
13377,36107,Tioga County,New York,2013,22147
13378,36073,Orleans County,New York,2013,18359
13379,36091,Saratoga County,New York,2013,99295
13380,36021,Columbia County,New York,2013,32708
13381,36049,Lewis County,New York,2013,15149
13382,36119,Westchester County,New York,2013,369996
13383,36025,Delaware County,New York,2013,31126
13384,36057,Montgomery County,New York,2013,23087
13385,36085,Richmond County,New York,2013,177168
13386,36089,St. Lawrence County,New York,2013,52053
13387,36109,Tompkins County,New York,2013,41679
13388,36113,Warren County,New York,2013,38746
13389,36023,Cortland County,New York,2013,20493
13390,36027,Dutchess County,New York,2013,118551
13391,36055,Monroe County,New York,2013,320531
13392,36065,Oneida County,New York,2013,103969
13393,36111,Ulster County,New York,2013,83559
13394,36015,Chemung County,New York,2013,38311
13395,36051,Livingston County,New York,2013,27102
13396,36077,Otsego County,New York,2013,30663
13397,36039,Greene County,New York,2013,29174
13398,36001,Albany County,New York,2013,137583
13399,36003,Allegany County,New York,2013,26026
13400,36009,Cattaraugus County,New York,2013,40973
13401,36053,Madison County,New York,2013,31678
13402,36093,Schenectady County,New York,2013,68134
13403,36037,Genesee County,New York,2013,25470
13404,36123,Yates County,New York,2013,13445
14934,36095,Schoharie County,New York,2013,17187
14935,36035,Fulton County,New York,2013,28541
14936,36083,Rensselaer County,New York,2013,71429
14937,36033,Franklin County,New York,2013,25259
14938,36081,Queens County,New York,2013,838125
14939,36115,Washington County,New York,2013,28835
14940,36061,New York County,New York,2013,849236
14941,36011,Cayuga County,New York,2013,36360
14942,36087,Rockland County,New York,2013,104047
14943,36063,Niagara County,New York,2013,98952
14944,36031,Essex County,New York,2013,25536
14945,36059,Nassau County,New York,2013,467241
14946,36097,Schuyler County,New York,2013,9455
14947,36017,Chenango County,New York,2013,24606
14948,36045,Jefferson County,New York,2013,58042
14949,36103,Suffolk County,New York,2013,569196
14950,36121,Wyoming County,New York,2013,17899
14951,36075,Oswego County,New York,2013,53553
14952,36117,Wayne County,New York,2013,40964
14953,36007,Broome County,New York,2013,90221
14954,36029,Erie County,New York,2013,419815
14955,36105,Sullivan County,New York,2013,49267
14956,36071,Orange County,New York,2013,137703
16272,36005,Bronx County,New York,2014,518149
16273,36067,Onondaga County,New York,2014,203496
16274,36019,Clinton County,New York,2014,35909
16275,36099,Seneca County,New York,2014,16137
16276,36079,Putnam County,New York,2014,38313
16277,36043,Herkimer County,New York,2014,33357
16278,36069,Ontario County,New York,2014,49084
16279,36107,Tioga County,New York,2014,22186
16280,36041,Hamilton County,New York,2014,8742
16281,36013,Chautauqua County,New York,2014,66757
16282,36047,Kings County,New York,2014,1012536
16283,36073,Orleans County,New York,2014,18479
16284,36091,Saratoga County,New York,2014,100185
16285,36021,Columbia County,New York,2014,32759
16286,36049,Lewis County,New York,2014,15201
16287,36119,Westchester County,New York,2014,370283
16288,36025,Delaware County,New York,2014,31222
16289,36057,Montgomery County,New York,2014,23159
16290,36085,Richmond County,New York,2014,177781
16291,36089,St. Lawrence County,New York,2014,52182
16292,36109,Tompkins County,New York,2014,41822
16293,36113,Warren County,New York,2014,38873
16294,36023,Cortland County,New York,2014,20554
16295,36027,Dutchess County,New York,2014,118848
16296,36055,Monroe County,New York,2014,322204
16297,36065,Oneida County,New York,2014,104074
16298,36111,Ulster County,New York,2014,83738
16299,36015,Chemung County,New York,2014,38376
16300,36051,Livingston County,New York,2014,27220
16301,36077,Otsego County,New York,2014,30711
16302,36039,Greene County,New York,2014,29260
16303,36001,Albany County,New York,2014,137859
16304,36003,Allegany County,New York,2014,26106
16305,36009,Cattaraugus County,New York,2014,41048
16306,36053,Madison County,New York,2014,31760
16307,36093,Schenectady County,New York,2014,68148
16308,36037,Genesee County,New York,2014,25627
16309,36123,Yates County,New York,2014,13641
16311,36101,Steuben County,New York,2014,48859
18325,36103,Suffolk County,New York,2014,570122
18326,36121,Wyoming County,New York,2014,18041
18327,36075,Oswego County,New York,2014,53661
18328,36117,Wayne County,New York,2014,41287
18329,36007,Broome County,New York,2014,90139
18330,36029,Erie County,New York,2014,420537
18331,36105,Sullivan County,New York,2014,49432
18332,36071,Orange County,New York,2014,138441
19121,36095,Schoharie County,New York,2014,17239
19122,36035,Fulton County,New York,2014,28616
19123,36083,Rensselaer County,New York,2014,71676
19124,36033,Franklin County,New York,2014,25292
19125,36081,Queens County,New York,2014,841367
19126,36115,Washington County,New York,2014,28956
19127,36061,New York County,New York,2014,858099
19128,36011,Cayuga County,New York,2014,36441
19129,36087,Rockland County,New York,2014,104297
19130,36063,Niagara County,New York,2014,99184
19131,36031,Essex County,New York,2014,25675
19132,36059,Nassau County,New York,2014,467621
19133,36097,Schuyler County,New York,2014,9507
19134,36017,Chenango County,New York,2014,24726
19135,36045,Jefferson County,New York,2014,58308
19589,36095,Schoharie County,New York,2015,17201
19590,36035,Fulton County,New York,2015,28617
19591,36083,Rensselaer County,New York,2015,71742
19592,36033,Franklin County,New York,2015,25293
19593,36081,Queens County,New York,2015,844189
19594,36115,Washington County,New York,2015,28994
19595,36061,New York County,New York,2015,862289
19596,36011,Cayuga County,New York,2015,36405
19597,36087,Rockland County,New York,2015,104442
19598,36063,Niagara County,New York,2015,99170
19599,36031,Essex County,New York,2015,25678
19600,36059,Nassau County,New York,2015,467256
19601,36045,Jefferson County,New York,2015,58536
19602,36103,Suffolk County,New York,2015,570194
19603,36121,Wyoming County,New York,2015,18037
19604,36075,Oswego County,New York,2015,53656
19605,36117,Wayne County,New York,2015,41386
19606,36007,Broome County,New York,2015,90026
19607,36029,Erie County,New York,2015,420782
19608,36105,Sullivan County,New York,2015,49548
19609,36071,Orange County,New York,2015,139103
19646,36097,Schuyler County,New York,2015,9513
19647,36017,Chenango County,New York,2015,24742
20143,36005,Bronx County,New York,2015,520329
20144,36067,Onondaga County,New York,2015,203956
20195,36099,Seneca County,New York,2015,16161
20196,36079,Putnam County,New York,2015,38289
20197,36043,Herkimer County,New York,2015,33345
20198,36069,Ontario County,New York,2015,49418
20199,36101,Steuben County,New York,2015,48849
20200,36041,Hamilton County,New York,2015,8757
20201,36013,Chautauqua County,New York,2015,66741
20202,36047,Kings County,New York,2015,1017282
20203,36107,Tioga County,New York,2015,22183
20204,36073,Orleans County,New York,2015,18498
20205,36091,Saratoga County,New York,2015,100953
20206,36021,Columbia County,New York,2015,32802
20207,36049,Lewis County,New York,2015,15249
20208,36119,Westchester County,New York,2015,370032
20209,36025,Delaware County,New York,2015,31202
20210,36057,Montgomery County,New York,2015,23184
20211,36085,Richmond County,New York,2015,178136
20212,36089,St. Lawrence County,New York,2015,52203
20213,36109,Tompkins County,New York,2015,41983
20214,36113,Warren County,New York,2015,38928
20215,36023,Cortland County,New York,2015,20527
20216,36027,Dutchess County,New York,2015,118996
20217,36055,Monroe County,New York,2015,323313
20218,36065,Oneida County,New York,2015,104006
20219,36111,Ulster County,New York,2015,83733
20220,36015,Chemung County,New York,2015,38382
20221,36051,Livingston County,New York,2015,27249
20222,36077,Otsego County,New York,2015,30665
20223,36019,Clinton County,New York,2015,35918
20224,36039,Greene County,New York,2015,29276
20225,36001,Albany County,New York,2015,138081
20226,36003,Allegany County,New York,2015,26024
20227,36009,Cattaraugus County,New York,2015,41034
20228,36053,Madison County,New York,2015,31742
20229,36093,Schenectady County,New York,2015,68171
20230,36037,Genesee County,New York,2015,25636
20231,36123,Yates County,New York,2015,13693
23269,36095,Schoharie County,New York,2016,17229
23270,36035,Fulton County,New York,2016,28632
23271,36083,Rensselaer County,New York,2016,71760
23272,36033,Franklin County,New York,2016,25324
23273,36081,Queens County,New York,2016,846689
23274,36115,Washington County,New York,2016,28996
23275,36061,New York County,New York,2016,866644
23276,36011,Cayuga County,New York,2016,36418
23277,36087,Rockland County,New York,2016,104651
23278,36063,Niagara County,New York,2016,99162
23279,36031,Essex County,New York,2016,25756
23280,36059,Nassau County,New York,2016,467127
23281,36097,Schuyler County,New York,2016,9544
23282,36017,Chenango County,New York,2016,24817
23283,36045,Jefferson County,New York,2016,58728
23284,36103,Suffolk County,New York,2016,570464
23286,36075,Oswego County,New York,2016,53687
23287,36117,Wayne County,New York,2016,41421
23288,36007,Broome County,New York,2016,89919
23289,36029,Erie County,New York,2016,421361
23290,36105,Sullivan County,New York,2016,49645
23291,36071,Orange County,New York,2016,139757
23528,36005,Bronx County,New York,2016,522401
23529,36067,Onondaga County,New York,2016,204504
23530,36019,Clinton County,New York,2016,35948
23531,36099,Seneca County,New York,2016,16230
23532,36079,Putnam County,New York,2016,38321
23533,36043,Herkimer County,New York,2016,33368
23534,36069,Ontario County,New York,2016,49693
23535,36101,Steuben County,New York,2016,48813
23536,36041,Hamilton County,New York,2016,8776
23537,36013,Chautauqua County,New York,2016,66722
23538,36047,Kings County,New York,2016,1021747
23539,36107,Tioga County,New York,2016,22170
23540,36073,Orleans County,New York,2016,18509
23541,36091,Saratoga County,New York,2016,101985
23542,36021,Columbia County,New York,2016,32863
23543,36049,Lewis County,New York,2016,15287
23544,36119,Westchester County,New York,2016,369925
23545,36025,Delaware County,New York,2016,31158
23546,36057,Montgomery County,New York,2016,23208
23547,36085,Richmond County,New York,2016,178603
23548,36089,St. Lawrence County,New York,2016,52272
23549,36109,Tompkins County,New York,2016,42118
23550,36113,Warren County,New York,2016,39045
23551,36023,Cortland County,New York,2016,20492
23552,36027,Dutchess County,New York,2016,119023
23553,36055,Monroe County,New York,2016,324405
23554,36065,Oneida County,New York,2016,103958
23555,36111,Ulster County,New York,2016,83762
23556,36015,Chemung County,New York,2016,38372
23557,36051,Livingston County,New York,2016,27313
23558,36077,Otsego County,New York,2016,30684
23559,36039,Greene County,New York,2016,29282
23560,36001,Albany County,New York,2016,138448
23561,36003,Allegany County,New York,2016,25991
23562,36009,Cattaraugus County,New York,2016,40973
23563,36053,Madison County,New York,2016,31774
23564,36093,Schenectady County,New York,2016,68236
23565,36037,Genesee County,New York,2016,25657
23566,36123,Yates County,New York,2016,13729
23718,36121,Wyoming County,New York,2016,18072
27576,36095,Schoharie County,New York,2017,17465
27577,36005,Bronx County,New York,2017,524488
27578,36067,Onondaga County,New York,2017,206707
27579,36035,Fulton County,New York,2017,29004
27580,36019,Clinton County,New York,2017,36352
27581,36099,Seneca County,New York,2017,16293
27582,36083,Rensselaer County,New York,2017,72663
27583,36079,Putnam County,New York,2017,38578
27584,36033,Franklin County,New York,2017,25582
27585,36043,Herkimer County,New York,2017,33726
27586,36069,Ontario County,New York,2017,50074
27587,36081,Queens County,New York,2017,850422
27588,36101,Steuben County,New York,2017,49363
27589,36041,Hamilton County,New York,2017,8885
27590,36115,Washington County,New York,2017,29367
27591,36013,Chautauqua County,New York,2017,67422
27592,36047,Kings County,New York,2017,1028383
27593,36061,New York County,New York,2017,872645
27594,36107,Tioga County,New York,2017,22427
27595,36011,Cayuga County,New York,2017,36882
27596,36073,Orleans County,New York,2017,18528
27597,36091,Saratoga County,New York,2017,103766
27598,36087,Rockland County,New York,2017,105530
27599,36021,Columbia County,New York,2017,33252
27600,36049,Lewis County,New York,2017,15519
27601,36063,Niagara County,New York,2017,100104
27602,36119,Westchester County,New York,2017,373236
27603,36025,Delaware County,New York,2017,31524
27604,36031,Essex County,New York,2017,26114
27605,36057,Montgomery County,New York,2017,23480
27606,36059,Nassau County,New York,2017,471031
27607,36085,Richmond County,New York,2017,179179
27608,36089,St. Lawrence County,New York,2017,52908
27609,36097,Schuyler County,New York,2017,9691
27610,36109,Tompkins County,New York,2017,42727
27611,36113,Warren County,New York,2017,39559
27612,36017,Chenango County,New York,2017,25269
27613,36023,Cortland County,New York,2017,20724
27614,36027,Dutchess County,New York,2017,120136
27615,36045,Jefferson County,New York,2017,59547
27616,36055,Monroe County,New York,2017,325818
27617,36065,Oneida County,New York,2017,104998
27618,36103,Suffolk County,New York,2017,574342
27619,36111,Ulster County,New York,2017,84647
27620,36121,Wyoming County,New York,2017,18085
27621,36015,Chemung County,New York,2017,38761
27622,36051,Livingston County,New York,2017,27427
27623,36075,Oswego County,New York,2017,54304
27624,36077,Otsego County,New York,2017,31098
27625,36039,Greene County,New York,2017,29625
27626,36117,Wayne County,New York,2017,41561
27627,36001,Albany County,New York,2017,140088
27628,36003,Allegany County,New York,2017,26324
27629,36007,Broome County,New York,2017,90727
27630,36009,Cattaraugus County,New York,2017,41431
27631,36029,Erie County,New York,2017,425716
27632,36053,Madison County,New York,2017,32137
27633,36093,Schenectady County,New York,2017,69062
27634,36105,Sullivan County,New York,2017,50232
27635,36037,Genesee County,New York,2017,25712
27636,36123,Yates County,New York,2017,13771
27637,36071,Orange County,New York,2017,141493
29178,36095,Schoharie County,New York,2018,17506
29179,36035,Fulton County,New York,2018,29052
29180,36083,Rensselaer County,New York,2018,72852
29181,36033,Franklin County,New York,2018,25650
29182,36081,Queens County,New York,2018,855716
29183,36115,Washington County,New York,2018,29461
29184,36061,New York County,New York,2018,874237
29185,36011,Cayuga County,New York,2018,36947
29186,36087,Rockland County,New York,2018,105911
29187,36063,Niagara County,New York,2018,100301
29188,36031,Essex County,New York,2018,26183
29189,36059,Nassau County,New York,2018,471835
29190,36097,Schuyler County,New York,2018,9736
29191,36017,Chenango County,New York,2018,25448
29192,36045,Jefferson County,New York,2018,59801
29193,36103,Suffolk County,New York,2018,575162
29194,36121,Wyoming County,New York,2018,18156
29195,36075,Oswego County,New York,2018,54409
29196,36117,Wayne County,New York,2018,41637
29197,36007,Broome County,New York,2018,90830
29198,36029,Erie County,New York,2018,427147
29199,36105,Sullivan County,New York,2018,50457
30163,36005,Bronx County,New York,2018,526784
30164,36067,Onondaga County,New York,2018,207567
30165,36019,Clinton County,New York,2018,36459
30166,36099,Seneca County,New York,2018,16336
30167,36079,Putnam County,New York,2018,38605
30168,36043,Herkimer County,New York,2018,33774
30169,36069,Ontario County,New York,2018,50412
30170,36101,Steuben County,New York,2018,49462
30171,36041,Hamilton County,New York,2018,8914
30172,36013,Chautauqua County,New York,2018,67514
30173,36047,Kings County,New York,2018,1035746
30174,36107,Tioga County,New York,2018,22486
30175,36073,Orleans County,New York,2018,18570
30176,36091,Saratoga County,New York,2018,104895
30177,36021,Columbia County,New York,2018,33386
30178,36049,Lewis County,New York,2018,15605
30366,36119,Westchester County,New York,2018,373942
30367,36025,Delaware County,New York,2018,31565
30368,36057,Montgomery County,New York,2018,23493
30369,36085,Richmond County,New York,2018,179871
30370,36089,St. Lawrence County,New York,2018,53102
30371,36109,Tompkins County,New York,2018,43048
30372,36113,Warren County,New York,2018,39760
30373,36023,Cortland County,New York,2018,20766
30374,36027,Dutchess County,New York,2018,120472
30375,36055,Monroe County,New York,2018,326920
30376,36065,Oneida County,New York,2018,105102
30377,36111,Ulster County,New York,2018,84874
30378,36015,Chemung County,New York,2018,38797
30379,36051,Livingston County,New York,2018,27455
30380,36077,Otsego County,New York,2018,31224
30381,36039,Greene County,New York,2018,29681
30382,36001,Albany County,New York,2018,140830
30383,36003,Allegany County,New York,2018,26300
30384,36009,Cattaraugus County,New York,2018,41520
30385,36053,Madison County,New York,2018,32209
30386,36093,Schenectady County,New York,2018,69302
30387,36037,Genesee County,New York,2018,25750
30388,36123,Yates County,New York,2018,13795
31931,36071,Orange County,New York,2018,142360
32634,36095,Schoharie County,New York,2019,17488
32635,36035,Fulton County,New York,2019,29112
32636,36083,Rensselaer County,New York,2019,73011
32637,36033,Franklin County,New York,2019,25754
32638,36081,Queens County,New York,2019,859529
32639,36115,Washington County,New York,2019,29487
32640,36061,New York County,New York,2019,880085
32641,36011,Cayuga County,New York,2019,37077
32642,36087,Rockland County,New York,2019,106296
32643,36063,Niagara County,New York,2019,100373
32644,36031,Essex County,New York,2019,26296
32645,36059,Nassau County,New York,2019,472572
32646,36097,Schuyler County,New York,2019,9795
32647,36017,Chenango County,New York,2019,25625
32648,36045,Jefferson County,New York,2019,59969
32649,36103,Suffolk County,New York,2019,575960
32650,36121,Wyoming County,New York,2019,18208
32651,36075,Oswego County,New York,2019,54511
32652,36117,Wayne County,New York,2019,41756
32653,36007,Broome County,New York,2019,90946
32655,36029,Erie County,New York,2019,428362
32656,36105,Sullivan County,New York,2019,50715
32657,36071,Orange County,New York,2019,143252
34144,36005,Bronx County,New York,2019,529796
34145,36067,Onondaga County,New York,2019,208376
34146,36019,Clinton County,New York,2019,36576
34147,36099,Seneca County,New York,2019,16361
34148,36079,Putnam County,New York,2019,38620
34149,36043,Herkimer County,New York,2019,33831
34150,36069,Ontario County,New York,2019,50857
34151,36101,Steuben County,New York,2019,49585
34152,36041,Hamilton County,New York,2019,8948
34153,36013,Chautauqua County,New York,2019,67645
34154,36047,Kings County,New York,2019,1044493
34155,36107,Tioga County,New York,2019,22527
34156,36073,Orleans County,New York,2019,18584
34157,36091,Saratoga County,New York,2019,106029
34158,36021,Columbia County,New York,2019,33486
34159,36049,Lewis County,New York,2019,15679
34160,36119,Westchester County,New York,2019,374923
34161,36025,Delaware County,New York,2019,31609
34162,36057,Montgomery County,New York,2019,23496
34163,36085,Richmond County,New York,2019,180325
34164,36089,St. Lawrence County,New York,2019,53194
34165,36109,Tompkins County,New York,2019,43471
34166,36113,Warren County,New York,2019,39952
34167,36023,Cortland County,New York,2019,20737
34168,36027,Dutchess County,New York,2019,120789
34212,36055,Monroe County,New York,2019,327880
34213,36065,Oneida County,New York,2019,105267
34214,36111,Ulster County,New York,2019,85139
34215,36015,Chemung County,New York,2019,38870
34216,36051,Livingston County,New York,2019,27506
34217,36077,Otsego County,New York,2019,31232
34218,36039,Greene County,New York,2019,29678
34219,36001,Albany County,New York,2019,141553
34220,36003,Allegany County,New York,2019,26373
34221,36009,Cattaraugus County,New York,2019,41596
34222,36053,Madison County,New York,2019,32278
34223,36093,Schenectady County,New York,2019,69615
34224,36037,Genesee County,New York,2019,25797
34225,36123,Yates County,New York,2019,13870
35821,36003,Allegany County,New York,2020,26376
35822,36009,Cattaraugus County,New York,2020,41681
35823,36015,Chemung County,New York,2020,38983
35824,36021,Columbia County,New York,2020,33622
35825,36027,Dutchess County,New York,2020,121161
35826,36031,Essex County,New York,2020,26390
35827,36037,Genesee County,New York,2020,25826
35828,36043,Herkimer County,New York,2020,33850
35829,36049,Lewis County,New York,2020,15766
35830,36055,Monroe County,New York,2020,329105
35831,36061,New York County,New York,2020,884828
35832,36067,Onondaga County,New York,2020,209068
35833,36073,Orleans County,New York,2020,18576
35834,36079,Putnam County,New York,2020,38652
35835,36085,Richmond County,New York,2020,180883
36699,36001,Albany County,New York,2020,142246
36700,36005,Bronx County,New York,2020,533434
36701,36007,Broome County,New York,2020,91155
36702,36011,Cayuga County,New York,2020,37131
36703,36013,Chautauqua County,New York,2020,67656
36704,36017,Chenango County,New York,2020,25818
36705,36019,Clinton County,New York,2020,36723
36706,36023,Cortland County,New York,2020,20806
36707,36025,Delaware County,New York,2020,31624
36708,36029,Erie County,New York,2020,429708
36709,36033,Franklin County,New York,2020,25835
36710,36035,Fulton County,New York,2020,29148
36711,36039,Greene County,New York,2020,29746
36712,36041,Hamilton County,New York,2020,8964
36713,36045,Jefferson County,New York,2020,60119
36714,36047,Kings County,New York,2020,1055660
36715,36051,Livingston County,New York,2020,27601
36716,36053,Madison County,New York,2020,32381
36717,36057,Montgomery County,New York,2020,23529
36718,36059,Nassau County,New York,2020,473238
36719,36063,Niagara County,New York,2020,100539
36720,36065,Oneida County,New York,2020,105459
36721,36069,Ontario County,New York,2020,51213
36722,36071,Orange County,New York,2020,144264
36723,36075,Oswego County,New York,2020,54622
36852,36077,Otsego County,New York,2020,31300
36853,36081,Queens County,New York,2020,864790
36854,36083,Rensselaer County,New York,2020,73251
36855,36087,Rockland County,New York,2020,106621
36856,36089,St. Lawrence County,New York,2020,53328
36857,36091,Saratoga County,New York,2020,107192
36858,36093,Schenectady County,New York,2020,69885
36859,36095,Schoharie County,New York,2020,17533
36860,36097,Schuyler County,New York,2020,9852
36861,36099,Seneca County,New York,2020,16409
36862,36101,Steuben County,New York,2020,49688
36863,36103,Suffolk County,New York,2020,576804
36864,36105,Sullivan County,New York,2020,50966
36865,36107,Tioga County,New York,2020,22571
36866,36109,Tompkins County,New York,2020,44019
36867,36111,Ulster County,New York,2020,85372
36868,36113,Warren County,New York,2020,40119
36869,36115,Washington County,New York,2020,29562
36870,36117,Wayne County,New York,2020,41792
36871,36119,Westchester County,New York,2020,376315
36872,36121,Wyoming County,New York,2020,18297
36873,36123,Yates County,New York,2020,13919
40475,36001,Albany County,New York,2021,145388
40476,36003,Allegany County,New York,2021,23797
40477,36005,Bronx County,New York,2021,543402
40478,36007,Broome County,New York,2021,92257
40479,36009,Cattaraugus County,New York,2021,40309
40480,36011,Cayuga County,New York,2021,36652
40481,36013,Chautauqua County,New York,2021,66370
40482,36015,Chemung County,New York,2021,38891
40483,36017,Chenango County,New York,2021,24317
40484,36019,Clinton County,New York,2021,37191
40485,36021,Columbia County,New York,2021,33222
40486,36023,Cortland County,New York,2021,20798
40487,36025,Delaware County,New York,2021,30119
40488,36027,Dutchess County,New York,2021,121674
40489,36029,Erie County,New York,2021,436986
40490,36031,Essex County,New York,2021,25213
40491,36033,Franklin County,New York,2021,25330
40492,36035,Fulton County,New York,2021,28190
40493,36037,Genesee County,New York,2021,25954
40494,36039,Greene County,New York,2021,28997
40495,36041,Hamilton County,New York,2021,7965
40496,36043,Herkimer County,New York,2021,32485
40497,36045,Jefferson County,New York,2021,61339
40498,36047,Kings County,New York,2021,1067820
40499,36049,Lewis County,New York,2021,15474
40500,36051,Livingston County,New York,2021,27102
40501,36053,Madison County,New York,2021,30726
40502,36055,Monroe County,New York,2021,334821
40503,36057,Montgomery County,New York,2021,22905
40504,36059,Nassau County,New York,2021,475728
40505,36061,New York County,New York,2021,907018
40506,36063,Niagara County,New York,2021,100117
40507,36065,Oneida County,New York,2021,104847
40508,36067,Onondaga County,New York,2021,210851
40509,36069,Ontario County,New York,2021,52193
40510,36071,Orange County,New York,2021,145947
40511,36073,Orleans County,New York,2021,18237
40512,36075,Oswego County,New York,2021,54449
40513,36077,Otsego County,New York,2021,30014
40514,36079,Putnam County,New York,2021,38313
40515,36081,Queens County,New York,2021,889744
40516,36083,Rensselaer County,New York,2021,73998
40517,36085,Richmond County,New York,2021,183011
40518,36087,Rockland County,New York,2021,107709
40519,36089,St. Lawrence County,New York,2021,51757
40520,36091,Saratoga County,New York,2021,109066
40521,36093,Schenectady County,New York,2021,70628
40522,36095,Schoharie County,New York,2021,16540
40523,36097,Schuyler County,New York,2021,9630
40524,36099,Seneca County,New York,2021,16132
40525,36101,Steuben County,New York,2021,47551
40526,36103,Suffolk County,New York,2021,578345
40527,36105,Sullivan County,New York,2021,49231
40528,36107,Tioga County,New York,2021,21897
40529,36109,Tompkins County,New York,2021,46046
40530,36111,Ulster County,New York,2021,85639
40531,36113,Warren County,New York,2021,39902
40532,36115,Washington County,New York,2021,29029
40533,36117,Wayne County,New York,2021,42153
40534,36119,Westchester County,New York,2021,386583
40535,36121,Wyoming County,New York,2021,18075
40536,36123,Yates County,New York,2021,13104
43697,36001,Albany County,New York,2022,146137
43698,36003,Allegany County,New York,2022,23636
43699,36005,Bronx County,New York,2022,547816
43700,36007,Broome County,New York,2022,92596
43701,36009,Cattaraugus County,New York,2022,40254
43702,36011,Cayuga County,New York,2022,36701
43703,36013,Chautauqua County,New York,2022,66350
43704,36015,Chemung County,New York,2022,39035
43705,36017,Chenango County,New York,2022,24384
43706,36019,Clinton County,New York,2022,37309
43707,36021,Columbia County,New York,2022,33292
43708,36023,Cortland County,New York,2022,20803
43709,36025,Delaware County,New York,2022,30092
43710,36027,Dutchess County,New York,2022,122129
43711,36029,Erie County,New York,2022,438630
43712,36031,Essex County,New York,2022,25262
43713,36033,Franklin County,New York,2022,25352
43714,36035,Fulton County,New York,2022,28164
43715,36037,Genesee County,New York,2022,26039
43716,36039,Greene County,New York,2022,29007
43717,36041,Hamilton County,New York,2022,7920
43718,36043,Herkimer County,New York,2022,32445
43719,36045,Jefferson County,New York,2022,61573
43720,36047,Kings County,New York,2022,1079551
43721,36049,Lewis County,New York,2022,15501
43722,36051,Livingston County,New York,2022,27150
43723,36053,Madison County,New York,2022,30671
43724,36055,Monroe County,New York,2022,336324
43725,36057,Montgomery County,New York,2022,22924
43726,36059,Nassau County,New York,2022,476982
43727,36061,New York County,New York,2022,913058
43728,36063,Niagara County,New York,2022,100182
43729,36065,Oneida County,New York,2022,105054
43730,36067,Onondaga County,New York,2022,211312
43731,36069,Ontario County,New York,2022,52636
43732,36071,Orange County,New York,2022,147158
43733,36073,Orleans County,New York,2022,18244
43734,36075,Oswego County,New York,2022,54570
43735,36077,Otsego County,New York,2022,29965
43736,36079,Putnam County,New York,2022,38323
43737,36081,Queens County,New York,2022,896825
43738,36083,Rensselaer County,New York,2022,74186
43739,36085,Richmond County,New York,2022,183524
43740,36087,Rockland County,New York,2022,108165
43741,36089,St. Lawrence County,New York,2022,51780
43742,36091,Saratoga County,New York,2022,110095
43743,36093,Schenectady County,New York,2022,70843
43744,36095,Schoharie County,New York,2022,16517
43745,36097,Schuyler County,New York,2022,9671
43746,36099,Seneca County,New York,2022,16116
43747,36101,Steuben County,New York,2022,47507
43748,36103,Suffolk County,New York,2022,578977
43749,36105,Sullivan County,New York,2022,49390
43750,36107,Tioga County,New York,2022,21909
43751,36109,Tompkins County,New York,2022,46728
43752,36111,Ulster County,New York,2022,85916
43753,36113,Warren County,New York,2022,40039
43754,36115,Washington County,New York,2022,29063
43755,36117,Wayne County,New York,2022,42274
43756,36119,Westchester County,New York,2022,389146
43757,36121,Wyoming County,New York,2022,18137
43758,36123,Yates County,New York,2022,13113
46919,36001,Albany County,New York,2023,146959
46920,36003,Allegany County,New York,2023,23538
46921,36005,Bronx County,New York,2023,553231
46922,36007,Broome County,New York,2023,92889
46923,36009,Cattaraugus County,New York,2023,40279
46924,36011,Cayuga County,New York,2023,36768
46925,36013,Chautauqua County,New York,2023,66328
46926,36015,Chemung County,New York,2023,39143
46927,36017,Chenango County,New York,2023,24460
46928,36019,Clinton County,New York,2023,37461
46929,36021,Columbia County,New York,2023,33331
46930,36023,Cortland County,New York,2023,20842
46931,36025,Delaware County,New York,2023,30038
46932,36027,Dutchess County,New York,2023,122636
46933,36029,Erie County,New York,2023,439987
46934,36031,Essex County,New York,2023,25318
46935,36033,Franklin County,New York,2023,25442
46936,36035,Fulton County,New York,2023,28169
46937,36037,Genesee County,New York,2023,26090
46938,36039,Greene County,New York,2023,29037
46939,36041,Hamilton County,New York,2023,7893
46940,36043,Herkimer County,New York,2023,32449
46941,36045,Jefferson County,New York,2023,61721
46942,36047,Kings County,New York,2023,1090187
46943,36049,Lewis County,New York,2023,15572
46944,36051,Livingston County,New York,2023,27198
46945,36053,Madison County,New York,2023,30676
46946,36055,Monroe County,New York,2023,337688
46947,36057,Montgomery County,New York,2023,22944
46948,36059,Nassau County,New York,2023,477860
46949,36061,New York County,New York,2023,918806
46950,36063,Niagara County,New York,2023,100335
46951,36065,Oneida County,New York,2023,105285
46952,36067,Onondaga County,New York,2023,211683
46953,36069,Ontario County,New York,2023,53001
46954,36071,Orange County,New York,2023,148460
46955,36073,Orleans County,New York,2023,18275
46956,36075,Oswego County,New York,2023,54697
46957,36077,Otsego County,New York,2023,30011
46958,36079,Putnam County,New York,2023,38369
46959,36081,Queens County,New York,2023,903598
46960,36083,Rensselaer County,New York,2023,74388
46961,36085,Richmond County,New York,2023,184074
46962,36087,Rockland County,New York,2023,108576
46963,36089,St. Lawrence County,New York,2023,51884
46964,36091,Saratoga County,New York,2023,111127
46965,36093,Schenectady County,New York,2023,71051
46966,36095,Schoharie County,New York,2023,16544
46967,36097,Schuyler County,New York,2023,9691
46968,36099,Seneca County,New York,2023,16148
46969,36101,Steuben County,New York,2023,47565
46970,36103,Suffolk County,New York,2023,579790
46971,36105,Sullivan County,New York,2023,49667
46972,36107,Tioga County,New York,2023,21966
46973,36109,Tompkins County,New York,2023,47362
46974,36111,Ulster County,New York,2023,86178
46975,36113,Warren County,New York,2023,40177
46976,36115,Washington County,New York,2023,29111
46977,36117,Wayne County,New York,2023,42375
46978,36119,Westchester County,New York,2023,391861
46979,36121,Wyoming County,New York,2023,18204
46980,36123,Yates County,New York,2023,13143
