,GeoFIPS,GeoName,county_name,state_alpha,year,GDP_PI
1841,36001,"Albany, NY",Albany,NY,2001,13068721.0
1842,36003,"Allegany, NY",Allegany,NY,2001,689784.0
1843,36005,"Bronx, NY",Bronx,NY,2001,17568178.0
1844,36007,"Broome, NY",Broome,NY,2001,5435556.0
1845,36009,"Cattaraugus, NY",Cattaraugus,NY,2001,1574186.0
1846,36011,"Cayuga, NY",Cayuga,NY,2001,1345219.0
1847,36013,"Chautauqua, NY",Chautauqua,NY,2001,3204176.0
1848,36015,"Chemung, NY",Chemung,NY,2001,2051647.0
1849,36017,"Chenango, NY",Chenango,NY,2001,1000314.0
1850,36019,"Clinton, NY",Clinton,NY,2001,2005120.0
1851,36021,"Columbia, NY",Columbia,NY,2001,1305950.0
1852,36023,"Cortland, NY",Cortland,NY,2001,920184.0
1853,36025,"Delaware, NY",Delaware,NY,2001,955003.0
1854,36027,"Dutchess, NY",Dutchess,NY,2001,7427763.0
1855,36029,"Erie, NY",Erie,NY,2001,27860673.0
1856,36031,"Essex, NY",Essex,NY,2001,725391.0
1857,36033,"Franklin, NY",Franklin,NY,2001,666046.0
1858,36035,"Fulton, NY",Fulton,NY,2001,948495.0
1859,36037,"Genesee, NY",Genesee,NY,2001,1286244.0
1860,36039,"Greene, NY",Greene,NY,2001,744928.0
1861,36041,"Hamilton, NY",Hamilton,NY,2001,97220.0
1862,36043,"Herkimer, NY",Herkimer,NY,2001,1100199.0
1863,36045,"Jefferson, NY",Jefferson,NY,2001,1847337.0
1864,36047,"Kings, NY",Kings,NY,2001,36659654.0
1865,36049,"Lewis, NY",Lewis,NY,2001,403331.0
1866,36051,"Livingston, NY",Livingston,NY,2001,836266.0
1867,36053,"Madison, NY",Madison,NY,2001,1225661.0
1868,36055,"Monroe, NY",Monroe,NY,2001,30134511.0
1869,36057,"Montgomery, NY",Montgomery,NY,2001,990284.0
1870,36059,"Nassau, NY",Nassau,NY,2001,52180631.0
1871,36061,"New York, NY",New York,NY,2001,333833008.0
1872,36063,"Niagara, NY",Niagara,NY,2001,5849227.0
1873,36065,"Oneida, NY",Oneida,NY,2001,5281840.0
1874,36067,"Onondaga, NY",Onondaga,NY,2001,16311709.0
1875,36069,"Ontario, NY",Ontario,NY,2001,3260586.0
1876,36071,"Orange, NY",Orange,NY,2001,7651097.0
1877,36073,"Orleans, NY",Orleans,NY,2001,555110.0
1878,36075,"Oswego, NY",Oswego,NY,2001,3860896.0
1879,36077,"Otsego, NY",Otsego,NY,2001,1216775.0
1880,36079,"Putnam, NY",Putnam,NY,2001,1999813.0
1881,36081,"Queens, NY",Queens,NY,2001,45513248.0
1882,36083,"Rensselaer, NY",Rensselaer,NY,2001,2996462.0
1883,36085,"Richmond, NY",Richmond,NY,2001,7811226.0
1884,36087,"Rockland, NY",Rockland,NY,2001,10591550.0
1885,36089,"St. Lawrence, NY",St. Lawrence,NY,2001,2244669.0
1886,36091,"Saratoga, NY",Saratoga,NY,2001,4644500.0
1887,36093,"Schenectady, NY",Schenectady,NY,2001,5155748.0
1888,36095,"Schoharie, NY",Schoharie,NY,2001,465314.0
1889,36097,"Schuyler, NY",Schuyler,NY,2001,250249.0
1890,36099,"Seneca, NY",Seneca,NY,2001,579250.0
1891,36101,"Steuben, NY",Steuben,NY,2001,2675292.0
1892,36103,"Suffolk, NY",Suffolk,NY,2001,44309423.0
1893,36105,"Sullivan, NY",Sullivan,NY,2001,1300877.0
1894,36107,"Tioga, NY",Tioga,NY,2001,816966.0
1895,36109,"Tompkins, NY",Tompkins,NY,2001,3079983.0
1896,36111,"Ulster, NY",Ulster,NY,2001,3313972.0
1897,36113,"Warren, NY",Warren,NY,2001,1942381.0
1898,36115,"Washington, NY",Washington,NY,2001,811597.0
1899,36117,"Wayne, NY",Wayne,NY,2001,1988988.0
1900,36119,"Westchester, NY",Westchester,NY,2001,41069631.0
1901,36121,"Wyoming, NY",Wyoming,NY,2001,611910.0
1902,36123,"Yates, NY",Yates,NY,2001,449375.0
4968,36001,"Albany, NY",Albany,NY,2002,13424897.0
4969,36003,"Allegany, NY",Allegany,NY,2002,725033.0
4970,36005,"Bronx, NY",Bronx,NY,2002,18257046.0
4971,36007,"Broome, NY",Broome,NY,2002,5376605.0
4972,36009,"Cattaraugus, NY",Cattaraugus,NY,2002,1622329.0
4973,36011,"Cayuga, NY",Cayuga,NY,2002,1357396.0
4974,36013,"Chautauqua, NY",Chautauqua,NY,2002,3318739.0
4975,36015,"Chemung, NY",Chemung,NY,2002,2081863.0
4976,36017,"Chenango, NY",Chenango,NY,2002,1009830.0
4977,36019,"Clinton, NY",Clinton,NY,2002,2186217.0
4978,36021,"Columbia, NY",Columbia,NY,2002,1266036.0
4979,36023,"Cortland, NY",Cortland,NY,2002,939026.0
4980,36025,"Delaware, NY",Delaware,NY,2002,1020062.0
4981,36027,"Dutchess, NY",Dutchess,NY,2002,7595011.0
4982,36029,"Erie, NY",Erie,NY,2002,28864938.0
4983,36031,"Essex, NY",Essex,NY,2002,777024.0
4984,36033,"Franklin, NY",Franklin,NY,2002,691478.0
4985,36035,"Fulton, NY",Fulton,NY,2002,994817.0
4986,36037,"Genesee, NY",Genesee,NY,2002,1237329.0
4987,36039,"Greene, NY",Greene,NY,2002,804980.0
4988,36041,"Hamilton, NY",Hamilton,NY,2002,107304.0
4989,36043,"Herkimer, NY",Herkimer,NY,2002,1190950.0
4990,36045,"Jefferson, NY",Jefferson,NY,2002,1931387.0
4991,36047,"Kings, NY",Kings,NY,2002,38422450.0
4992,36049,"Lewis, NY",Lewis,NY,2002,439773.0
4993,36051,"Livingston, NY",Livingston,NY,2002,862975.0
4994,36053,"Madison, NY",Madison,NY,2002,1255230.0
4995,36055,"Monroe, NY",Monroe,NY,2002,31073439.0
4996,36057,"Montgomery, NY",Montgomery,NY,2002,1029288.0
4997,36059,"Nassau, NY",Nassau,NY,2002,53824648.0
4998,36061,"New York, NY",New York,NY,2002,323552145.0
4999,36063,"Niagara, NY",Niagara,NY,2002,6239849.0
5000,36065,"Oneida, NY",Oneida,NY,2002,5470865.0
5001,36067,"Onondaga, NY",Onondaga,NY,2002,16807448.0
5002,36069,"Ontario, NY",Ontario,NY,2002,2762373.0
5003,36071,"Orange, NY",Orange,NY,2002,7905387.0
5004,36073,"Orleans, NY",Orleans,NY,2002,583698.0
5005,36075,"Oswego, NY",Oswego,NY,2002,3533375.0
5006,36077,"Otsego, NY",Otsego,NY,2002,1262034.0
5007,36079,"Putnam, NY",Putnam,NY,2002,2143014.0
5008,36081,"Queens, NY",Queens,NY,2002,47113570.0
5009,36083,"Rensselaer, NY",Rensselaer,NY,2002,3099778.0
5010,36085,"Richmond, NY",Richmond,NY,2002,8028700.0
5011,36087,"Rockland, NY",Rockland,NY,2002,12049396.0
5012,36089,"St. Lawrence, NY",St. Lawrence,NY,2002,2318462.0
5013,36091,"Saratoga, NY",Saratoga,NY,2002,4969644.0
5014,36093,"Schenectady, NY",Schenectady,NY,2002,5526072.0
5015,36095,"Schoharie, NY",Schoharie,NY,2002,468711.0
5016,36097,"Schuyler, NY",Schuyler,NY,2002,263656.0
5017,36099,"Seneca, NY",Seneca,NY,2002,629214.0
5018,36101,"Steuben, NY",Steuben,NY,2002,2476173.0
5019,36103,"Suffolk, NY",Suffolk,NY,2002,46820017.0
5020,36105,"Sullivan, NY",Sullivan,NY,2002,1406820.0
5021,36107,"Tioga, NY",Tioga,NY,2002,855726.0
5022,36109,"Tompkins, NY",Tompkins,NY,2002,3253164.0
5023,36111,"Ulster, NY",Ulster,NY,2002,3512018.0
5024,36113,"Warren, NY",Warren,NY,2002,2053194.0
5025,36115,"Washington, NY",Washington,NY,2002,822750.0
5026,36117,"Wayne, NY",Wayne,NY,2002,1994279.0
5027,36119,"Westchester, NY",Westchester,NY,2002,41677037.0
5028,36121,"Wyoming, NY",Wyoming,NY,2002,681597.0
5029,36123,"Yates, NY",Yates,NY,2002,489320.0
8095,36001,"Albany, NY",Albany,NY,2003,14257327.0
8096,36003,"Allegany, NY",Allegany,NY,2003,759633.0
8097,36005,"Bronx, NY",Bronx,NY,2003,19012670.0
8098,36007,"Broome, NY",Broome,NY,2003,5289874.0
8099,36009,"Cattaraugus, NY",Cattaraugus,NY,2003,1693910.0
8100,36011,"Cayuga, NY",Cayuga,NY,2003,1454369.0
8101,36013,"Chautauqua, NY",Chautauqua,NY,2003,3324322.0
8102,36015,"Chemung, NY",Chemung,NY,2003,2148635.0
8103,36017,"Chenango, NY",Chenango,NY,2003,1080692.0
8104,36019,"Clinton, NY",Clinton,NY,2003,2332593.0
8105,36021,"Columbia, NY",Columbia,NY,2003,1337401.0
8106,36023,"Cortland, NY",Cortland,NY,2003,981138.0
8107,36025,"Delaware, NY",Delaware,NY,2003,1353144.0
8108,36027,"Dutchess, NY",Dutchess,NY,2003,8037895.0
8109,36029,"Erie, NY",Erie,NY,2003,29777420.0
8110,36031,"Essex, NY",Essex,NY,2003,803034.0
8111,36033,"Franklin, NY",Franklin,NY,2003,740860.0
8112,36035,"Fulton, NY",Fulton,NY,2003,1060795.0
8113,36037,"Genesee, NY",Genesee,NY,2003,1272547.0
8114,36039,"Greene, NY",Greene,NY,2003,958250.0
8115,36041,"Hamilton, NY",Hamilton,NY,2003,117793.0
8116,36043,"Herkimer, NY",Herkimer,NY,2003,1170725.0
8117,36045,"Jefferson, NY",Jefferson,NY,2003,2107730.0
8118,36047,"Kings, NY",Kings,NY,2003,39654127.0
8119,36049,"Lewis, NY",Lewis,NY,2003,464923.0
8120,36051,"Livingston, NY",Livingston,NY,2003,899962.0
8121,36053,"Madison, NY",Madison,NY,2003,1316092.0
8122,36055,"Monroe, NY",Monroe,NY,2003,31805263.0
8123,36057,"Montgomery, NY",Montgomery,NY,2003,1092649.0
8124,36059,"Nassau, NY",Nassau,NY,2003,56029203.0
8125,36061,"New York, NY",New York,NY,2003,322686983.0
8126,36063,"Niagara, NY",Niagara,NY,2003,6310819.0
8127,36065,"Oneida, NY",Oneida,NY,2003,5680375.0
8128,36067,"Onondaga, NY",Onondaga,NY,2003,17728496.0
8129,36069,"Ontario, NY",Ontario,NY,2003,2880138.0
8130,36071,"Orange, NY",Orange,NY,2003,8670746.0
8131,36073,"Orleans, NY",Orleans,NY,2003,608918.0
8132,36075,"Oswego, NY",Oswego,NY,2003,3770515.0
8133,36077,"Otsego, NY",Otsego,NY,2003,1364289.0
8134,36079,"Putnam, NY",Putnam,NY,2003,2227938.0
8135,36081,"Queens, NY",Queens,NY,2003,48516021.0
8136,36083,"Rensselaer, NY",Rensselaer,NY,2003,3279601.0
8137,36085,"Richmond, NY",Richmond,NY,2003,8375630.0
8138,36087,"Rockland, NY",Rockland,NY,2003,12108973.0
8139,36089,"St. Lawrence, NY",St. Lawrence,NY,2003,2399586.0
8140,36091,"Saratoga, NY",Saratoga,NY,2003,5458555.0
8141,36093,"Schenectady, NY",Schenectady,NY,2003,5667597.0
8142,36095,"Schoharie, NY",Schoharie,NY,2003,508110.0
8143,36097,"Schuyler, NY",Schuyler,NY,2003,281000.0
8144,36099,"Seneca, NY",Seneca,NY,2003,639330.0
8145,36101,"Steuben, NY",Steuben,NY,2003,2382934.0
8146,36103,"Suffolk, NY",Suffolk,NY,2003,49757609.0
8147,36105,"Sullivan, NY",Sullivan,NY,2003,1528954.0
8148,36107,"Tioga, NY",Tioga,NY,2003,896615.0
8149,36109,"Tompkins, NY",Tompkins,NY,2003,3503828.0
8150,36111,"Ulster, NY",Ulster,NY,2003,3782114.0
8151,36113,"Warren, NY",Warren,NY,2003,2194202.0
8152,36115,"Washington, NY",Washington,NY,2003,875009.0
8153,36117,"Wayne, NY",Wayne,NY,2003,2031472.0
8154,36119,"Westchester, NY",Westchester,NY,2003,43504343.0
8155,36121,"Wyoming, NY",Wyoming,NY,2003,750406.0
8156,36123,"Yates, NY",Yates,NY,2003,498098.0
11222,36001,"Albany, NY",Albany,NY,2004,14897956.0
11223,36003,"Allegany, NY",Allegany,NY,2004,786016.0
11224,36005,"Bronx, NY",Bronx,NY,2004,19709675.0
11225,36007,"Broome, NY",Broome,NY,2004,5312909.0
11226,36009,"Cattaraugus, NY",Cattaraugus,NY,2004,1773912.0
11227,36011,"Cayuga, NY",Cayuga,NY,2004,1583258.0
11228,36013,"Chautauqua, NY",Chautauqua,NY,2004,3427667.0
11229,36015,"Chemung, NY",Chemung,NY,2004,2273976.0
11230,36017,"Chenango, NY",Chenango,NY,2004,1147995.0
11231,36019,"Clinton, NY",Clinton,NY,2004,2562701.0
11232,36021,"Columbia, NY",Columbia,NY,2004,1483650.0
11233,36023,"Cortland, NY",Cortland,NY,2004,985558.0
11234,36025,"Delaware, NY",Delaware,NY,2004,1552581.0
11235,36027,"Dutchess, NY",Dutchess,NY,2004,8406940.0
11236,36029,"Erie, NY",Erie,NY,2004,31177901.0
11237,36031,"Essex, NY",Essex,NY,2004,833134.0
11238,36033,"Franklin, NY",Franklin,NY,2004,790503.0
11239,36035,"Fulton, NY",Fulton,NY,2004,1125401.0
11240,36037,"Genesee, NY",Genesee,NY,2004,1338924.0
11241,36039,"Greene, NY",Greene,NY,2004,1249709.0
11242,36041,"Hamilton, NY",Hamilton,NY,2004,125467.0
11243,36043,"Herkimer, NY",Herkimer,NY,2004,1157061.0
11244,36045,"Jefferson, NY",Jefferson,NY,2004,2251131.0
11245,36047,"Kings, NY",Kings,NY,2004,41085367.0
11246,36049,"Lewis, NY",Lewis,NY,2004,472075.0
11247,36051,"Livingston, NY",Livingston,NY,2004,952545.0
11248,36053,"Madison, NY",Madison,NY,2004,1421929.0
11249,36055,"Monroe, NY",Monroe,NY,2004,31825621.0
11250,36057,"Montgomery, NY",Montgomery,NY,2004,1106701.0
11251,36059,"Nassau, NY",Nassau,NY,2004,59636627.0
11252,36061,"New York, NY",New York,NY,2004,340628605.0
11253,36063,"Niagara, NY",Niagara,NY,2004,6539123.0
11254,36065,"Oneida, NY",Oneida,NY,2004,5959947.0
11255,36067,"Onondaga, NY",Onondaga,NY,2004,18578201.0
11256,36069,"Ontario, NY",Ontario,NY,2004,3016297.0
11257,36071,"Orange, NY",Orange,NY,2004,9316901.0
11258,36073,"Orleans, NY",Orleans,NY,2004,605114.0
11259,36075,"Oswego, NY",Oswego,NY,2004,3850795.0
11260,36077,"Otsego, NY",Otsego,NY,2004,1482367.0
11261,36079,"Putnam, NY",Putnam,NY,2004,2441621.0
11262,36081,"Queens, NY",Queens,NY,2004,50391260.0
11263,36083,"Rensselaer, NY",Rensselaer,NY,2004,3471422.0
11264,36085,"Richmond, NY",Richmond,NY,2004,8864420.0
11265,36087,"Rockland, NY",Rockland,NY,2004,12481750.0
11266,36089,"St. Lawrence, NY",St. Lawrence,NY,2004,2599479.0
11267,36091,"Saratoga, NY",Saratoga,NY,2004,5971484.0
11268,36093,"Schenectady, NY",Schenectady,NY,2004,5796083.0
11269,36095,"Schoharie, NY",Schoharie,NY,2004,523165.0
11270,36097,"Schuyler, NY",Schuyler,NY,2004,295172.0
11271,36099,"Seneca, NY",Seneca,NY,2004,651851.0
11272,36101,"Steuben, NY",Steuben,NY,2004,2677437.0
11273,36103,"Suffolk, NY",Suffolk,NY,2004,53441853.0
11274,36105,"Sullivan, NY",Sullivan,NY,2004,1645943.0
11275,36107,"Tioga, NY",Tioga,NY,2004,966606.0
11276,36109,"Tompkins, NY",Tompkins,NY,2004,3672193.0
11277,36111,"Ulster, NY",Ulster,NY,2004,4090085.0
11278,36113,"Warren, NY",Warren,NY,2004,2404045.0
11279,36115,"Washington, NY",Washington,NY,2004,964264.0
11280,36117,"Wayne, NY",Wayne,NY,2004,2107993.0
11281,36119,"Westchester, NY",Westchester,NY,2004,47516180.0
11282,36121,"Wyoming, NY",Wyoming,NY,2004,819535.0
11283,36123,"Yates, NY",Yates,NY,2004,847311.0
14349,36001,"Albany, NY",Albany,NY,2005,15541573.0
14350,36003,"Allegany, NY",Allegany,NY,2005,816270.0
14351,36005,"Bronx, NY",Bronx,NY,2005,20650031.0
14352,36007,"Broome, NY",Broome,NY,2005,5435703.0
14353,36009,"Cattaraugus, NY",Cattaraugus,NY,2005,1751598.0
14354,36011,"Cayuga, NY",Cayuga,NY,2005,1574930.0
14355,36013,"Chautauqua, NY",Chautauqua,NY,2005,3547841.0
14356,36015,"Chemung, NY",Chemung,NY,2005,2359463.0
14357,36017,"Chenango, NY",Chenango,NY,2005,1181341.0
14358,36019,"Clinton, NY",Clinton,NY,2005,2598457.0
14359,36021,"Columbia, NY",Columbia,NY,2005,1452260.0
14360,36023,"Cortland, NY",Cortland,NY,2005,1022945.0
14361,36025,"Delaware, NY",Delaware,NY,2005,1551908.0
14362,36027,"Dutchess, NY",Dutchess,NY,2005,8597834.0
14363,36029,"Erie, NY",Erie,NY,2005,32045236.0
14364,36031,"Essex, NY",Essex,NY,2005,833369.0
14365,36033,"Franklin, NY",Franklin,NY,2005,799956.0
14366,36035,"Fulton, NY",Fulton,NY,2005,1132141.0
14367,36037,"Genesee, NY",Genesee,NY,2005,1373656.0
14368,36039,"Greene, NY",Greene,NY,2005,1388849.0
14369,36041,"Hamilton, NY",Hamilton,NY,2005,127592.0
14370,36043,"Herkimer, NY",Herkimer,NY,2005,1121383.0
14371,36045,"Jefferson, NY",Jefferson,NY,2005,2405066.0
14372,36047,"Kings, NY",Kings,NY,2005,42119703.0
14373,36049,"Lewis, NY",Lewis,NY,2005,494250.0
14374,36051,"Livingston, NY",Livingston,NY,2005,987140.0
14375,36053,"Madison, NY",Madison,NY,2005,1442510.0
14376,36055,"Monroe, NY",Monroe,NY,2005,32237970.0
14377,36057,"Montgomery, NY",Montgomery,NY,2005,1134596.0
14378,36059,"Nassau, NY",Nassau,NY,2005,61209217.0
14379,36061,"New York, NY",New York,NY,2005,373679390.0
14380,36063,"Niagara, NY",Niagara,NY,2005,6543735.0
14381,36065,"Oneida, NY",Oneida,NY,2005,6091472.0
14382,36067,"Onondaga, NY",Onondaga,NY,2005,19165648.0
14383,36069,"Ontario, NY",Ontario,NY,2005,3167809.0
14384,36071,"Orange, NY",Orange,NY,2005,9590498.0
14385,36073,"Orleans, NY",Orleans,NY,2005,610583.0
14386,36075,"Oswego, NY",Oswego,NY,2005,4006567.0
14387,36077,"Otsego, NY",Otsego,NY,2005,1511051.0
14388,36079,"Putnam, NY",Putnam,NY,2005,2518925.0
14389,36081,"Queens, NY",Queens,NY,2005,52124351.0
14390,36083,"Rensselaer, NY",Rensselaer,NY,2005,3590052.0
14391,36085,"Richmond, NY",Richmond,NY,2005,9013606.0
14392,36087,"Rockland, NY",Rockland,NY,2005,11884794.0
14393,36089,"St. Lawrence, NY",St. Lawrence,NY,2005,2711548.0
14394,36091,"Saratoga, NY",Saratoga,NY,2005,6261918.0
14395,36093,"Schenectady, NY",Schenectady,NY,2005,5883455.0
14396,36095,"Schoharie, NY",Schoharie,NY,2005,542650.0
14397,36097,"Schuyler, NY",Schuyler,NY,2005,297823.0
14398,36099,"Seneca, NY",Seneca,NY,2005,696234.0
14399,36101,"Steuben, NY",Steuben,NY,2005,2934734.0
14400,36103,"Suffolk, NY",Suffolk,NY,2005,55389924.0
14401,36105,"Sullivan, NY",Sullivan,NY,2005,1696682.0
14402,36107,"Tioga, NY",Tioga,NY,2005,1002187.0
14403,36109,"Tompkins, NY",Tompkins,NY,2005,3754362.0
14404,36111,"Ulster, NY",Ulster,NY,2005,4189540.0
14405,36113,"Warren, NY",Warren,NY,2005,2471621.0
14406,36115,"Washington, NY",Washington,NY,2005,965935.0
14407,36117,"Wayne, NY",Wayne,NY,2005,2044957.0
14408,36119,"Westchester, NY",Westchester,NY,2005,48922187.0
14409,36121,"Wyoming, NY",Wyoming,NY,2005,850568.0
14410,36123,"Yates, NY",Yates,NY,2005,758437.0
17476,36001,"Albany, NY",Albany,NY,2006,16119470.0
17477,36003,"Allegany, NY",Allegany,NY,2006,830993.0
17478,36005,"Bronx, NY",Bronx,NY,2006,21392929.0
17479,36007,"Broome, NY",Broome,NY,2006,5744682.0
17480,36009,"Cattaraugus, NY",Cattaraugus,NY,2006,1828866.0
17481,36011,"Cayuga, NY",Cayuga,NY,2006,1579389.0
17482,36013,"Chautauqua, NY",Chautauqua,NY,2006,3702634.0
17483,36015,"Chemung, NY",Chemung,NY,2006,2410936.0
17484,36017,"Chenango, NY",Chenango,NY,2006,1300518.0
17485,36019,"Clinton, NY",Clinton,NY,2006,2772945.0
17486,36021,"Columbia, NY",Columbia,NY,2006,1507488.0
17487,36023,"Cortland, NY",Cortland,NY,2006,1054493.0
17488,36025,"Delaware, NY",Delaware,NY,2006,1570283.0
17489,36027,"Dutchess, NY",Dutchess,NY,2006,8747305.0
17490,36029,"Erie, NY",Erie,NY,2006,34028685.0
17491,36031,"Essex, NY",Essex,NY,2006,882376.0
17492,36033,"Franklin, NY",Franklin,NY,2006,805797.0
17493,36035,"Fulton, NY",Fulton,NY,2006,1169896.0
17494,36037,"Genesee, NY",Genesee,NY,2006,1422992.0
17495,36039,"Greene, NY",Greene,NY,2006,1719252.0
17496,36041,"Hamilton, NY",Hamilton,NY,2006,126929.0
17497,36043,"Herkimer, NY",Herkimer,NY,2006,1090942.0
17498,36045,"Jefferson, NY",Jefferson,NY,2006,2490867.0
17499,36047,"Kings, NY",Kings,NY,2006,43981430.0
17500,36049,"Lewis, NY",Lewis,NY,2006,562493.0
17501,36051,"Livingston, NY",Livingston,NY,2006,1053440.0
17502,36053,"Madison, NY",Madison,NY,2006,1448685.0
17503,36055,"Monroe, NY",Monroe,NY,2006,33578997.0
17504,36057,"Montgomery, NY",Montgomery,NY,2006,1169233.0
17505,36059,"Nassau, NY",Nassau,NY,2006,63613309.0
17506,36061,"New York, NY",New York,NY,2006,409006017.0
17507,36063,"Niagara, NY",Niagara,NY,2006,6821569.0
17508,36065,"Oneida, NY",Oneida,NY,2006,6458251.0
17509,36067,"Onondaga, NY",Onondaga,NY,2006,19684581.0
17510,36069,"Ontario, NY",Ontario,NY,2006,3346764.0
17511,36071,"Orange, NY",Orange,NY,2006,9730785.0
17512,36073,"Orleans, NY",Orleans,NY,2006,662823.0
17513,36075,"Oswego, NY",Oswego,NY,2006,4100352.0
17514,36077,"Otsego, NY",Otsego,NY,2006,1618139.0
17515,36079,"Putnam, NY",Putnam,NY,2006,2647457.0
17516,36081,"Queens, NY",Queens,NY,2006,54673867.0
17517,36083,"Rensselaer, NY",Rensselaer,NY,2006,3884176.0
17518,36085,"Richmond, NY",Richmond,NY,2006,9046034.0
17519,36087,"Rockland, NY",Rockland,NY,2006,12631870.0
17520,36089,"St. Lawrence, NY",St. Lawrence,NY,2006,2803972.0
17521,36091,"Saratoga, NY",Saratoga,NY,2006,6755014.0
17522,36093,"Schenectady, NY",Schenectady,NY,2006,6138316.0
17523,36095,"Schoharie, NY",Schoharie,NY,2006,570682.0
17524,36097,"Schuyler, NY",Schuyler,NY,2006,307612.0
17525,36099,"Seneca, NY",Seneca,NY,2006,725851.0
17526,36101,"Steuben, NY",Steuben,NY,2006,3182724.0
17527,36103,"Suffolk, NY",Suffolk,NY,2006,58919454.0
17528,36105,"Sullivan, NY",Sullivan,NY,2006,1738653.0
17529,36107,"Tioga, NY",Tioga,NY,2006,1116665.0
17530,36109,"Tompkins, NY",Tompkins,NY,2006,3877219.0
17531,36111,"Ulster, NY",Ulster,NY,2006,4302120.0
17532,36113,"Warren, NY",Warren,NY,2006,2576294.0
17533,36115,"Washington, NY",Washington,NY,2006,979891.0
17534,36117,"Wayne, NY",Wayne,NY,2006,2173234.0
17535,36119,"Westchester, NY",Westchester,NY,2006,51370082.0
17536,36121,"Wyoming, NY",Wyoming,NY,2006,834037.0
17537,36123,"Yates, NY",Yates,NY,2006,692691.0
20603,36001,"Albany, NY",Albany,NY,2007,16501480.0
20604,36003,"Allegany, NY",Allegany,NY,2007,827057.0
20605,36005,"Bronx, NY",Bronx,NY,2007,22485738.0
20606,36007,"Broome, NY",Broome,NY,2007,5989914.0
20607,36009,"Cattaraugus, NY",Cattaraugus,NY,2007,1805512.0
20608,36011,"Cayuga, NY",Cayuga,NY,2007,1771462.0
20609,36013,"Chautauqua, NY",Chautauqua,NY,2007,3854778.0
20610,36015,"Chemung, NY",Chemung,NY,2007,2555080.0
20611,36017,"Chenango, NY",Chenango,NY,2007,1306723.0
20612,36019,"Clinton, NY",Clinton,NY,2007,2809518.0
20613,36021,"Columbia, NY",Columbia,NY,2007,1507961.0
20614,36023,"Cortland, NY",Cortland,NY,2007,1105338.0
20615,36025,"Delaware, NY",Delaware,NY,2007,1377945.0
20616,36027,"Dutchess, NY",Dutchess,NY,2007,9180859.0
20617,36029,"Erie, NY",Erie,NY,2007,35408294.0
20618,36031,"Essex, NY",Essex,NY,2007,898608.0
20619,36033,"Franklin, NY",Franklin,NY,2007,863424.0
20620,36035,"Fulton, NY",Fulton,NY,2007,1157584.0
20621,36037,"Genesee, NY",Genesee,NY,2007,1501042.0
20622,36039,"Greene, NY",Greene,NY,2007,1484344.0
20623,36041,"Hamilton, NY",Hamilton,NY,2007,132390.0
20624,36043,"Herkimer, NY",Herkimer,NY,2007,1106619.0
20625,36045,"Jefferson, NY",Jefferson,NY,2007,2641754.0
20626,36047,"Kings, NY",Kings,NY,2007,46554859.0
20627,36049,"Lewis, NY",Lewis,NY,2007,618256.0
20628,36051,"Livingston, NY",Livingston,NY,2007,1157499.0
20629,36053,"Madison, NY",Madison,NY,2007,1543117.0
20630,36055,"Monroe, NY",Monroe,NY,2007,34523625.0
20631,36057,"Montgomery, NY",Montgomery,NY,2007,1240371.0
20632,36059,"Nassau, NY",Nassau,NY,2007,67238004.0
20633,36061,"New York, NY",New York,NY,2007,423103163.0
20634,36063,"Niagara, NY",Niagara,NY,2007,6814425.0
20635,36065,"Oneida, NY",Oneida,NY,2007,6874532.0
20636,36067,"Onondaga, NY",Onondaga,NY,2007,20574826.0
20637,36069,"Ontario, NY",Ontario,NY,2007,3515035.0
20638,36071,"Orange, NY",Orange,NY,2007,9977004.0
20639,36073,"Orleans, NY",Orleans,NY,2007,714332.0
20640,36075,"Oswego, NY",Oswego,NY,2007,4174566.0
20641,36077,"Otsego, NY",Otsego,NY,2007,1613227.0
20642,36079,"Putnam, NY",Putnam,NY,2007,2853356.0
20643,36081,"Queens, NY",Queens,NY,2007,57950300.0
20644,36083,"Rensselaer, NY",Rensselaer,NY,2007,4027450.0
20645,36085,"Richmond, NY",Richmond,NY,2007,9633330.0
20646,36087,"Rockland, NY",Rockland,NY,2007,12597535.0
20647,36089,"St. Lawrence, NY",St. Lawrence,NY,2007,2917633.0
20648,36091,"Saratoga, NY",Saratoga,NY,2007,6980851.0
20649,36093,"Schenectady, NY",Schenectady,NY,2007,6241123.0
20650,36095,"Schoharie, NY",Schoharie,NY,2007,568605.0
20651,36097,"Schuyler, NY",Schuyler,NY,2007,343570.0
20652,36099,"Seneca, NY",Seneca,NY,2007,748524.0
20653,36101,"Steuben, NY",Steuben,NY,2007,3186532.0
20654,36103,"Suffolk, NY",Suffolk,NY,2007,60375992.0
20655,36105,"Sullivan, NY",Sullivan,NY,2007,1739468.0
20656,36107,"Tioga, NY",Tioga,NY,2007,1196504.0
20657,36109,"Tompkins, NY",Tompkins,NY,2007,4006234.0
20658,36111,"Ulster, NY",Ulster,NY,2007,4381362.0
20659,36113,"Warren, NY",Warren,NY,2007,2629071.0
20660,36115,"Washington, NY",Washington,NY,2007,1021605.0
20661,36117,"Wayne, NY",Wayne,NY,2007,2351657.0
20662,36119,"Westchester, NY",Westchester,NY,2007,54009676.0
20663,36121,"Wyoming, NY",Wyoming,NY,2007,854603.0
20664,36123,"Yates, NY",Yates,NY,2007,612055.0
23730,36001,"Albany, NY",Albany,NY,2008,16918312.0
23731,36003,"Allegany, NY",Allegany,NY,2008,928115.0
23732,36005,"Bronx, NY",Bronx,NY,2008,23616779.0
23733,36007,"Broome, NY",Broome,NY,2008,6381413.0
23734,36009,"Cattaraugus, NY",Cattaraugus,NY,2008,1877542.0
23735,36011,"Cayuga, NY",Cayuga,NY,2008,1784429.0
23736,36013,"Chautauqua, NY",Chautauqua,NY,2008,3956630.0
23737,36015,"Chemung, NY",Chemung,NY,2008,2743078.0
23738,36017,"Chenango, NY",Chenango,NY,2008,1335871.0
23739,36019,"Clinton, NY",Clinton,NY,2008,2757141.0
23740,36021,"Columbia, NY",Columbia,NY,2008,1588729.0
23741,36023,"Cortland, NY",Cortland,NY,2008,1236112.0
23742,36025,"Delaware, NY",Delaware,NY,2008,1379355.0
23743,36027,"Dutchess, NY",Dutchess,NY,2008,9610592.0
23744,36029,"Erie, NY",Erie,NY,2008,36441404.0
23745,36031,"Essex, NY",Essex,NY,2008,929019.0
23746,36033,"Franklin, NY",Franklin,NY,2008,891366.0
23747,36035,"Fulton, NY",Fulton,NY,2008,1167749.0
23748,36037,"Genesee, NY",Genesee,NY,2008,1552286.0
23749,36039,"Greene, NY",Greene,NY,2008,1624527.0
23750,36041,"Hamilton, NY",Hamilton,NY,2008,136953.0
23751,36043,"Herkimer, NY",Herkimer,NY,2008,1117811.0
23752,36045,"Jefferson, NY",Jefferson,NY,2008,2822194.0
23753,36047,"Kings, NY",Kings,NY,2008,49140412.0
23754,36049,"Lewis, NY",Lewis,NY,2008,608718.0
23755,36051,"Livingston, NY",Livingston,NY,2008,1220127.0
23756,36053,"Madison, NY",Madison,NY,2008,1613310.0
23757,36055,"Monroe, NY",Monroe,NY,2008,35399224.0
23758,36057,"Montgomery, NY",Montgomery,NY,2008,1261671.0
23759,36059,"Nassau, NY",Nassau,NY,2008,68887672.0
23760,36061,"New York, NY",New York,NY,2008,389960060.0
23761,36063,"Niagara, NY",Niagara,NY,2008,6697930.0
23762,36065,"Oneida, NY",Oneida,NY,2008,6887296.0
23763,36067,"Onondaga, NY",Onondaga,NY,2008,20655167.0
23764,36069,"Ontario, NY",Ontario,NY,2008,3640695.0
23765,36071,"Orange, NY",Orange,NY,2008,10444883.0
23766,36073,"Orleans, NY",Orleans,NY,2008,823836.0
23767,36075,"Oswego, NY",Oswego,NY,2008,4199025.0
23768,36077,"Otsego, NY",Otsego,NY,2008,1690706.0
23769,36079,"Putnam, NY",Putnam,NY,2008,2790643.0
23770,36081,"Queens, NY",Queens,NY,2008,59360176.0
23771,36083,"Rensselaer, NY",Rensselaer,NY,2008,4362754.0
23772,36085,"Richmond, NY",Richmond,NY,2008,10085707.0
23773,36087,"Rockland, NY",Rockland,NY,2008,13805580.0
23774,36089,"St. Lawrence, NY",St. Lawrence,NY,2008,2998016.0
23775,36091,"Saratoga, NY",Saratoga,NY,2008,7093119.0
23776,36093,"Schenectady, NY",Schenectady,NY,2008,6353044.0
23777,36095,"Schoharie, NY",Schoharie,NY,2008,576181.0
23778,36097,"Schuyler, NY",Schuyler,NY,2008,364461.0
23779,36099,"Seneca, NY",Seneca,NY,2008,807066.0
23780,36101,"Steuben, NY",Steuben,NY,2008,3425714.0
23781,36103,"Suffolk, NY",Suffolk,NY,2008,63173990.0
23782,36105,"Sullivan, NY",Sullivan,NY,2008,1867590.0
23783,36107,"Tioga, NY",Tioga,NY,2008,1291807.0
23784,36109,"Tompkins, NY",Tompkins,NY,2008,4268118.0
23785,36111,"Ulster, NY",Ulster,NY,2008,4645956.0
23786,36113,"Warren, NY",Warren,NY,2008,2867571.0
23787,36115,"Washington, NY",Washington,NY,2008,1086362.0
23788,36117,"Wayne, NY",Wayne,NY,2008,2511796.0
23789,36119,"Westchester, NY",Westchester,NY,2008,54649772.0
23790,36121,"Wyoming, NY",Wyoming,NY,2008,869622.0
23791,36123,"Yates, NY",Yates,NY,2008,634517.0
26857,36001,"Albany, NY",Albany,NY,2009,18147347.0
26858,36003,"Allegany, NY",Allegany,NY,2009,889436.0
26859,36005,"Bronx, NY",Bronx,NY,2009,24584529.0
26860,36007,"Broome, NY",Broome,NY,2009,6537666.0
26861,36009,"Cattaraugus, NY",Cattaraugus,NY,2009,1922921.0
26862,36011,"Cayuga, NY",Cayuga,NY,2009,1681562.0
26863,36013,"Chautauqua, NY",Chautauqua,NY,2009,4003137.0
26864,36015,"Chemung, NY",Chemung,NY,2009,2759064.0
26865,36017,"Chenango, NY",Chenango,NY,2009,1421089.0
26866,36019,"Clinton, NY",Clinton,NY,2009,2760486.0
26867,36021,"Columbia, NY",Columbia,NY,2009,1674638.0
26868,36023,"Cortland, NY",Cortland,NY,2009,1202883.0
26869,36025,"Delaware, NY",Delaware,NY,2009,1390436.0
26870,36027,"Dutchess, NY",Dutchess,NY,2009,9768466.0
26871,36029,"Erie, NY",Erie,NY,2009,37447703.0
26872,36031,"Essex, NY",Essex,NY,2009,1022080.0
26873,36033,"Franklin, NY",Franklin,NY,2009,934546.0
26874,36035,"Fulton, NY",Fulton,NY,2009,1216711.0
26875,36037,"Genesee, NY",Genesee,NY,2009,1568970.0
26876,36039,"Greene, NY",Greene,NY,2009,1737088.0
26877,36041,"Hamilton, NY",Hamilton,NY,2009,152037.0
26878,36043,"Herkimer, NY",Herkimer,NY,2009,1199560.0
26879,36045,"Jefferson, NY",Jefferson,NY,2009,2954033.0
26880,36047,"Kings, NY",Kings,NY,2009,51420506.0
26881,36049,"Lewis, NY",Lewis,NY,2009,658986.0
26882,36051,"Livingston, NY",Livingston,NY,2009,1178135.0
26883,36053,"Madison, NY",Madison,NY,2009,1619703.0
26884,36055,"Monroe, NY",Monroe,NY,2009,36748025.0
26885,36057,"Montgomery, NY",Montgomery,NY,2009,1302620.0
26886,36059,"Nassau, NY",Nassau,NY,2009,71377525.0
26887,36061,"New York, NY",New York,NY,2009,414697444.0
26888,36063,"Niagara, NY",Niagara,NY,2009,7007490.0
26889,36065,"Oneida, NY",Oneida,NY,2009,7028588.0
26890,36067,"Onondaga, NY",Onondaga,NY,2009,20821167.0
26891,36069,"Ontario, NY",Ontario,NY,2009,3698328.0
26892,36071,"Orange, NY",Orange,NY,2009,10681933.0
26893,36073,"Orleans, NY",Orleans,NY,2009,943069.0
26894,36075,"Oswego, NY",Oswego,NY,2009,4676421.0
26895,36077,"Otsego, NY",Otsego,NY,2009,1742502.0
26896,36079,"Putnam, NY",Putnam,NY,2009,2816408.0
26897,36081,"Queens, NY",Queens,NY,2009,60974283.0
26898,36083,"Rensselaer, NY",Rensselaer,NY,2009,4399868.0
26899,36085,"Richmond, NY",Richmond,NY,2009,10303989.0
26900,36087,"Rockland, NY",Rockland,NY,2009,15171892.0
26901,36089,"St. Lawrence, NY",St. Lawrence,NY,2009,3054619.0
26902,36091,"Saratoga, NY",Saratoga,NY,2009,7271421.0
26903,36093,"Schenectady, NY",Schenectady,NY,2009,6611368.0
26904,36095,"Schoharie, NY",Schoharie,NY,2009,580638.0
26905,36097,"Schuyler, NY",Schuyler,NY,2009,372291.0
26906,36099,"Seneca, NY",Seneca,NY,2009,889428.0
26907,36101,"Steuben, NY",Steuben,NY,2009,3205934.0
26908,36103,"Suffolk, NY",Suffolk,NY,2009,65215646.0
26909,36105,"Sullivan, NY",Sullivan,NY,2009,1944297.0
26910,36107,"Tioga, NY",Tioga,NY,2009,1269752.0
26911,36109,"Tompkins, NY",Tompkins,NY,2009,4527028.0
26912,36111,"Ulster, NY",Ulster,NY,2009,4691715.0
26913,36113,"Warren, NY",Warren,NY,2009,3144763.0
26914,36115,"Washington, NY",Washington,NY,2009,1161924.0
26915,36117,"Wayne, NY",Wayne,NY,2009,2635889.0
26916,36119,"Westchester, NY",Westchester,NY,2009,54636122.0
26917,36121,"Wyoming, NY",Wyoming,NY,2009,803044.0
26918,36123,"Yates, NY",Yates,NY,2009,629579.0
29984,36001,"Albany, NY",Albany,NY,2010,18187281.0
29985,36003,"Allegany, NY",Allegany,NY,2010,914848.0
29986,36005,"Bronx, NY",Bronx,NY,2010,25110087.0
29987,36007,"Broome, NY",Broome,NY,2010,6909560.0
29988,36009,"Cattaraugus, NY",Cattaraugus,NY,2010,1988406.0
29989,36011,"Cayuga, NY",Cayuga,NY,2010,1976953.0
29990,36013,"Chautauqua, NY",Chautauqua,NY,2010,4202859.0
29991,36015,"Chemung, NY",Chemung,NY,2010,2892048.0
29992,36017,"Chenango, NY",Chenango,NY,2010,1390213.0
29993,36019,"Clinton, NY",Clinton,NY,2010,2745701.0
29994,36021,"Columbia, NY",Columbia,NY,2010,1745995.0
29995,36023,"Cortland, NY",Cortland,NY,2010,1245342.0
29996,36025,"Delaware, NY",Delaware,NY,2010,1429621.0
29997,36027,"Dutchess, NY",Dutchess,NY,2010,10078584.0
29998,36029,"Erie, NY",Erie,NY,2010,38706622.0
29999,36031,"Essex, NY",Essex,NY,2010,1042482.0
30000,36033,"Franklin, NY",Franklin,NY,2010,1039635.0
30001,36035,"Fulton, NY",Fulton,NY,2010,1281360.0
30002,36037,"Genesee, NY",Genesee,NY,2010,1610602.0
30003,36039,"Greene, NY",Greene,NY,2010,1887408.0
30004,36041,"Hamilton, NY",Hamilton,NY,2010,157961.0
30005,36043,"Herkimer, NY",Herkimer,NY,2010,1252421.0
30006,36045,"Jefferson, NY",Jefferson,NY,2010,3040149.0
30007,36047,"Kings, NY",Kings,NY,2010,54110331.0
30008,36049,"Lewis, NY",Lewis,NY,2010,703737.0
30009,36051,"Livingston, NY",Livingston,NY,2010,1302858.0
30010,36053,"Madison, NY",Madison,NY,2010,1738650.0
30011,36055,"Monroe, NY",Monroe,NY,2010,37512130.0
30012,36057,"Montgomery, NY",Montgomery,NY,2010,1360707.0
30013,36059,"Nassau, NY",Nassau,NY,2010,74604662.0
30014,36061,"New York, NY",New York,NY,2010,447379518.0
30015,36063,"Niagara, NY",Niagara,NY,2010,7365994.0
30016,36065,"Oneida, NY",Oneida,NY,2010,7222694.0
30017,36067,"Onondaga, NY",Onondaga,NY,2010,21583877.0
30018,36069,"Ontario, NY",Ontario,NY,2010,3972224.0
30019,36071,"Orange, NY",Orange,NY,2010,11064557.0
30020,36073,"Orleans, NY",Orleans,NY,2010,977501.0
30021,36075,"Oswego, NY",Oswego,NY,2010,5054882.0
30022,36077,"Otsego, NY",Otsego,NY,2010,1845314.0
30023,36079,"Putnam, NY",Putnam,NY,2010,2984724.0
30024,36081,"Queens, NY",Queens,NY,2010,63125218.0
30025,36083,"Rensselaer, NY",Rensselaer,NY,2010,4602373.0
30026,36085,"Richmond, NY",Richmond,NY,2010,10615237.0
30027,36087,"Rockland, NY",Rockland,NY,2010,15721766.0
30028,36089,"St. Lawrence, NY",St. Lawrence,NY,2010,3225838.0
30029,36091,"Saratoga, NY",Saratoga,NY,2010,7701399.0
30030,36093,"Schenectady, NY",Schenectady,NY,2010,6378373.0
30031,36095,"Schoharie, NY",Schoharie,NY,2010,631795.0
30032,36097,"Schuyler, NY",Schuyler,NY,2010,386429.0
30033,36099,"Seneca, NY",Seneca,NY,2010,912063.0
30034,36101,"Steuben, NY",Steuben,NY,2010,3395680.0
30035,36103,"Suffolk, NY",Suffolk,NY,2010,68593041.0
30036,36105,"Sullivan, NY",Sullivan,NY,2010,1935003.0
30037,36107,"Tioga, NY",Tioga,NY,2010,1319580.0
30038,36109,"Tompkins, NY",Tompkins,NY,2010,4756306.0
30039,36111,"Ulster, NY",Ulster,NY,2010,4816040.0
30040,36113,"Warren, NY",Warren,NY,2010,3197781.0
30041,36115,"Washington, NY",Washington,NY,2010,1202861.0
30042,36117,"Wayne, NY",Wayne,NY,2010,2796154.0
30043,36119,"Westchester, NY",Westchester,NY,2010,57557030.0
30044,36121,"Wyoming, NY",Wyoming,NY,2010,1025846.0
30045,36123,"Yates, NY",Yates,NY,2010,680571.0
33111,36001,"Albany, NY",Albany,NY,2011,18850240.0
33112,36003,"Allegany, NY",Allegany,NY,2011,960693.0
33113,36005,"Bronx, NY",Bronx,NY,2011,25571611.0
33114,36007,"Broome, NY",Broome,NY,2011,7038577.0
33115,36009,"Cattaraugus, NY",Cattaraugus,NY,2011,2061283.0
33116,36011,"Cayuga, NY",Cayuga,NY,2011,2000734.0
33117,36013,"Chautauqua, NY",Chautauqua,NY,2011,4192330.0
33118,36015,"Chemung, NY",Chemung,NY,2011,3025830.0
33119,36017,"Chenango, NY",Chenango,NY,2011,1477147.0
33120,36019,"Clinton, NY",Clinton,NY,2011,2699647.0
33121,36021,"Columbia, NY",Columbia,NY,2011,1785581.0
33122,36023,"Cortland, NY",Cortland,NY,2011,1339154.0
33123,36025,"Delaware, NY",Delaware,NY,2011,1377769.0
33124,36027,"Dutchess, NY",Dutchess,NY,2011,10448687.0
33125,36029,"Erie, NY",Erie,NY,2011,38712384.0
33126,36031,"Essex, NY",Essex,NY,2011,1092884.0
33127,36033,"Franklin, NY",Franklin,NY,2011,1112526.0
33128,36035,"Fulton, NY",Fulton,NY,2011,1259553.0
33129,36037,"Genesee, NY",Genesee,NY,2011,1662739.0
33130,36039,"Greene, NY",Greene,NY,2011,1706485.0
33131,36041,"Hamilton, NY",Hamilton,NY,2011,176846.0
33132,36043,"Herkimer, NY",Herkimer,NY,2011,1281894.0
33133,36045,"Jefferson, NY",Jefferson,NY,2011,3082828.0
33134,36047,"Kings, NY",Kings,NY,2011,55281350.0
33135,36049,"Lewis, NY",Lewis,NY,2011,729413.0
33136,36051,"Livingston, NY",Livingston,NY,2011,1357371.0
33137,36053,"Madison, NY",Madison,NY,2011,1775416.0
33138,36055,"Monroe, NY",Monroe,NY,2011,37165869.0
33139,36057,"Montgomery, NY",Montgomery,NY,2011,1317889.0
33140,36059,"Nassau, NY",Nassau,NY,2011,75196414.0
33141,36061,"New York, NY",New York,NY,2011,466179109.0
33142,36063,"Niagara, NY",Niagara,NY,2011,7645058.0
33143,36065,"Oneida, NY",Oneida,NY,2011,7212938.0
33144,36067,"Onondaga, NY",Onondaga,NY,2011,21565841.0
33145,36069,"Ontario, NY",Ontario,NY,2011,4052680.0
33146,36071,"Orange, NY",Orange,NY,2011,10985930.0
33147,36073,"Orleans, NY",Orleans,NY,2011,907956.0
33148,36075,"Oswego, NY",Oswego,NY,2011,5099284.0
33149,36077,"Otsego, NY",Otsego,NY,2011,1867631.0
33150,36079,"Putnam, NY",Putnam,NY,2011,3032369.0
33151,36081,"Queens, NY",Queens,NY,2011,64745127.0
33152,36083,"Rensselaer, NY",Rensselaer,NY,2011,4866459.0
33153,36085,"Richmond, NY",Richmond,NY,2011,10882748.0
33154,36087,"Rockland, NY",Rockland,NY,2011,16109117.0
33155,36089,"St. Lawrence, NY",St. Lawrence,NY,2011,3412806.0
33156,36091,"Saratoga, NY",Saratoga,NY,2011,7934634.0
33157,36093,"Schenectady, NY",Schenectady,NY,2011,6419732.0
33158,36095,"Schoharie, NY",Schoharie,NY,2011,632841.0
33159,36097,"Schuyler, NY",Schuyler,NY,2011,406332.0
33160,36099,"Seneca, NY",Seneca,NY,2011,951556.0
33161,36101,"Steuben, NY",Steuben,NY,2011,3393873.0
33162,36103,"Suffolk, NY",Suffolk,NY,2011,69346309.0
33163,36105,"Sullivan, NY",Sullivan,NY,2011,1934305.0
33164,36107,"Tioga, NY",Tioga,NY,2011,1285713.0
33165,36109,"Tompkins, NY",Tompkins,NY,2011,4803464.0
33166,36111,"Ulster, NY",Ulster,NY,2011,4870136.0
33167,36113,"Warren, NY",Warren,NY,2011,3133984.0
33168,36115,"Washington, NY",Washington,NY,2011,1271517.0
33169,36117,"Wayne, NY",Wayne,NY,2011,2676514.0
33170,36119,"Westchester, NY",Westchester,NY,2011,58568034.0
33171,36121,"Wyoming, NY",Wyoming,NY,2011,1054800.0
33172,36123,"Yates, NY",Yates,NY,2011,631608.0
36238,36001,"Albany, NY",Albany,NY,2012,19659397.0
36239,36003,"Allegany, NY",Allegany,NY,2012,988375.0
36240,36005,"Bronx, NY",Bronx,NY,2012,26483075.0
36241,36007,"Broome, NY",Broome,NY,2012,7287366.0
36242,36009,"Cattaraugus, NY",Cattaraugus,NY,2012,2041497.0
36243,36011,"Cayuga, NY",Cayuga,NY,2012,2049603.0
36244,36013,"Chautauqua, NY",Chautauqua,NY,2012,4152502.0
36245,36015,"Chemung, NY",Chemung,NY,2012,3082943.0
36246,36017,"Chenango, NY",Chenango,NY,2012,1501216.0
36247,36019,"Clinton, NY",Clinton,NY,2012,2694319.0
36248,36021,"Columbia, NY",Columbia,NY,2012,1925966.0
36249,36023,"Cortland, NY",Cortland,NY,2012,1420301.0
36250,36025,"Delaware, NY",Delaware,NY,2012,1400757.0
36251,36027,"Dutchess, NY",Dutchess,NY,2012,10583776.0
36252,36029,"Erie, NY",Erie,NY,2012,41533236.0
36253,36031,"Essex, NY",Essex,NY,2012,1130932.0
36254,36033,"Franklin, NY",Franklin,NY,2012,1097065.0
36255,36035,"Fulton, NY",Fulton,NY,2012,1297589.0
36256,36037,"Genesee, NY",Genesee,NY,2012,1686628.0
36257,36039,"Greene, NY",Greene,NY,2012,1918986.0
36258,36041,"Hamilton, NY",Hamilton,NY,2012,173156.0
36259,36043,"Herkimer, NY",Herkimer,NY,2012,1330062.0
36260,36045,"Jefferson, NY",Jefferson,NY,2012,3123503.0
36261,36047,"Kings, NY",Kings,NY,2012,58735290.0
36262,36049,"Lewis, NY",Lewis,NY,2012,705914.0
36263,36051,"Livingston, NY",Livingston,NY,2012,1353633.0
36264,36053,"Madison, NY",Madison,NY,2012,1808067.0
36265,36055,"Monroe, NY",Monroe,NY,2012,38252844.0
36266,36057,"Montgomery, NY",Montgomery,NY,2012,1379471.0
36267,36059,"Nassau, NY",Nassau,NY,2012,79369012.0
36268,36061,"New York, NY",New York,NY,2012,515461181.0
36269,36063,"Niagara, NY",Niagara,NY,2012,7250197.0
36270,36065,"Oneida, NY",Oneida,NY,2012,7432735.0
36271,36067,"Onondaga, NY",Onondaga,NY,2012,22626499.0
36272,36069,"Ontario, NY",Ontario,NY,2012,4207360.0
36273,36071,"Orange, NY",Orange,NY,2012,11387160.0
36274,36073,"Orleans, NY",Orleans,NY,2012,883396.0
36275,36075,"Oswego, NY",Oswego,NY,2012,5300115.0
36276,36077,"Otsego, NY",Otsego,NY,2012,1898353.0
36277,36079,"Putnam, NY",Putnam,NY,2012,2782167.0
36278,36081,"Queens, NY",Queens,NY,2012,67618330.0
36279,36083,"Rensselaer, NY",Rensselaer,NY,2012,4990500.0
36280,36085,"Richmond, NY",Richmond,NY,2012,11164243.0
36281,36087,"Rockland, NY",Rockland,NY,2012,16432968.0
36282,36089,"St. Lawrence, NY",St. Lawrence,NY,2012,3370973.0
36283,36091,"Saratoga, NY",Saratoga,NY,2012,8148809.0
36284,36093,"Schenectady, NY",Schenectady,NY,2012,6401650.0
36285,36095,"Schoharie, NY",Schoharie,NY,2012,662941.0
36286,36097,"Schuyler, NY",Schuyler,NY,2012,407653.0
36287,36099,"Seneca, NY",Seneca,NY,2012,970176.0
36288,36101,"Steuben, NY",Steuben,NY,2012,3328235.0
36289,36103,"Suffolk, NY",Suffolk,NY,2012,72566634.0
36290,36105,"Sullivan, NY",Sullivan,NY,2012,2035326.0
36291,36107,"Tioga, NY",Tioga,NY,2012,1292091.0
36292,36109,"Tompkins, NY",Tompkins,NY,2012,4962031.0
36293,36111,"Ulster, NY",Ulster,NY,2012,5055283.0
36294,36113,"Warren, NY",Warren,NY,2012,3230047.0
36295,36115,"Washington, NY",Washington,NY,2012,1353796.0
36296,36117,"Wayne, NY",Wayne,NY,2012,2746270.0
36297,36119,"Westchester, NY",Westchester,NY,2012,62792156.0
36298,36121,"Wyoming, NY",Wyoming,NY,2012,1084263.0
36299,36123,"Yates, NY",Yates,NY,2012,667177.0
39365,36001,"Albany, NY",Albany,NY,2013,20211464.0
39366,36003,"Allegany, NY",Allegany,NY,2013,1012458.0
39367,36005,"Bronx, NY",Bronx,NY,2013,27718753.0
39368,36007,"Broome, NY",Broome,NY,2013,7147511.0
39369,36009,"Cattaraugus, NY",Cattaraugus,NY,2013,2119824.0
39370,36011,"Cayuga, NY",Cayuga,NY,2013,2183397.0
39371,36013,"Chautauqua, NY",Chautauqua,NY,2013,4069087.0
39372,36015,"Chemung, NY",Chemung,NY,2013,3157154.0
39373,36017,"Chenango, NY",Chenango,NY,2013,1590168.0
39374,36019,"Clinton, NY",Clinton,NY,2013,2804562.0
39375,36021,"Columbia, NY",Columbia,NY,2013,1942916.0
39376,36023,"Cortland, NY",Cortland,NY,2013,1445525.0
39377,36025,"Delaware, NY",Delaware,NY,2013,1423100.0
39378,36027,"Dutchess, NY",Dutchess,NY,2013,10839121.0
39379,36029,"Erie, NY",Erie,NY,2013,42138412.0
39380,36031,"Essex, NY",Essex,NY,2013,1174969.0
39381,36033,"Franklin, NY",Franklin,NY,2013,1109441.0
39382,36035,"Fulton, NY",Fulton,NY,2013,1344366.0
39383,36037,"Genesee, NY",Genesee,NY,2013,1750164.0
39384,36039,"Greene, NY",Greene,NY,2013,1741349.0
39385,36041,"Hamilton, NY",Hamilton,NY,2013,171301.0
39386,36043,"Herkimer, NY",Herkimer,NY,2013,1398871.0
39387,36045,"Jefferson, NY",Jefferson,NY,2013,3145404.0
39388,36047,"Kings, NY",Kings,NY,2013,61666572.0
39389,36049,"Lewis, NY",Lewis,NY,2013,751638.0
39390,36051,"Livingston, NY",Livingston,NY,2013,1425649.0
39391,36053,"Madison, NY",Madison,NY,2013,1807475.0
39392,36055,"Monroe, NY",Monroe,NY,2013,38001118.0
39393,36057,"Montgomery, NY",Montgomery,NY,2013,1428569.0
39394,36059,"Nassau, NY",Nassau,NY,2013,78473048.0
39395,36061,"New York, NY",New York,NY,2013,534761121.0
39396,36063,"Niagara, NY",Niagara,NY,2013,7498048.0
39397,36065,"Oneida, NY",Oneida,NY,2013,7362687.0
39398,36067,"Onondaga, NY",Onondaga,NY,2013,22996339.0
39399,36069,"Ontario, NY",Ontario,NY,2013,4589176.0
39400,36071,"Orange, NY",Orange,NY,2013,11736097.0
39401,36073,"Orleans, NY",Orleans,NY,2013,932502.0
39402,36075,"Oswego, NY",Oswego,NY,2013,5660100.0
39403,36077,"Otsego, NY",Otsego,NY,2013,1930309.0
39404,36079,"Putnam, NY",Putnam,NY,2013,2827733.0
39405,36081,"Queens, NY",Queens,NY,2013,70573402.0
39406,36083,"Rensselaer, NY",Rensselaer,NY,2013,4990675.0
39407,36085,"Richmond, NY",Richmond,NY,2013,11667228.0
39408,36087,"Rockland, NY",Rockland,NY,2013,15435556.0
39409,36089,"St. Lawrence, NY",St. Lawrence,NY,2013,3539280.0
39410,36091,"Saratoga, NY",Saratoga,NY,2013,8479101.0
39411,36093,"Schenectady, NY",Schenectady,NY,2013,6533526.0
39412,36095,"Schoharie, NY",Schoharie,NY,2013,683557.0
39413,36097,"Schuyler, NY",Schuyler,NY,2013,419011.0
39414,36099,"Seneca, NY",Seneca,NY,2013,1010257.0
39415,36101,"Steuben, NY",Steuben,NY,2013,3556725.0
39416,36103,"Suffolk, NY",Suffolk,NY,2013,73995822.0
39417,36105,"Sullivan, NY",Sullivan,NY,2013,2050420.0
39418,36107,"Tioga, NY",Tioga,NY,2013,1470408.0
39419,36109,"Tompkins, NY",Tompkins,NY,2013,4948128.0
39420,36111,"Ulster, NY",Ulster,NY,2013,5195788.0
39421,36113,"Warren, NY",Warren,NY,2013,3282150.0
39422,36115,"Washington, NY",Washington,NY,2013,1364128.0
39423,36117,"Wayne, NY",Wayne,NY,2013,2857625.0
39424,36119,"Westchester, NY",Westchester,NY,2013,63262279.0
39425,36121,"Wyoming, NY",Wyoming,NY,2013,1156437.0
39426,36123,"Yates, NY",Yates,NY,2013,714398.0
42492,36001,"Albany, NY",Albany,NY,2014,21841531.0
42493,36003,"Allegany, NY",Allegany,NY,2014,1087044.0
42494,36005,"Bronx, NY",Bronx,NY,2014,29152141.0
42495,36007,"Broome, NY",Broome,NY,2014,7148709.0
42496,36009,"Cattaraugus, NY",Cattaraugus,NY,2014,2230560.0
42497,36011,"Cayuga, NY",Cayuga,NY,2014,2304278.0
42498,36013,"Chautauqua, NY",Chautauqua,NY,2014,4054119.0
42499,36015,"Chemung, NY",Chemung,NY,2014,3213380.0
42500,36017,"Chenango, NY",Chenango,NY,2014,1696764.0
42501,36019,"Clinton, NY",Clinton,NY,2014,2833731.0
42502,36021,"Columbia, NY",Columbia,NY,2014,2065469.0
42503,36023,"Cortland, NY",Cortland,NY,2014,1463166.0
42504,36025,"Delaware, NY",Delaware,NY,2014,1491575.0
42505,36027,"Dutchess, NY",Dutchess,NY,2014,10819699.0
42506,36029,"Erie, NY",Erie,NY,2014,44668546.0
42507,36031,"Essex, NY",Essex,NY,2014,1157291.0
42508,36033,"Franklin, NY",Franklin,NY,2014,1132645.0
42509,36035,"Fulton, NY",Fulton,NY,2014,1349601.0
42510,36037,"Genesee, NY",Genesee,NY,2014,1798603.0
42511,36039,"Greene, NY",Greene,NY,2014,1722047.0
42512,36041,"Hamilton, NY",Hamilton,NY,2014,167202.0
42513,36043,"Herkimer, NY",Herkimer,NY,2014,1439323.0
42514,36045,"Jefferson, NY",Jefferson,NY,2014,3184926.0
42515,36047,"Kings, NY",Kings,NY,2014,65716344.0
42516,36049,"Lewis, NY",Lewis,NY,2014,823037.0
42517,36051,"Livingston, NY",Livingston,NY,2014,1516487.0
42518,36053,"Madison, NY",Madison,NY,2014,1882157.0
42519,36055,"Monroe, NY",Monroe,NY,2014,38551241.0
42520,36057,"Montgomery, NY",Montgomery,NY,2014,1439510.0
42521,36059,"Nassau, NY",Nassau,NY,2014,80541869.0
42522,36061,"New York, NY",New York,NY,2014,574725441.0
42523,36063,"Niagara, NY",Niagara,NY,2014,7868799.0
42524,36065,"Oneida, NY",Oneida,NY,2014,7658791.0
42525,36067,"Onondaga, NY",Onondaga,NY,2014,24383826.0
42526,36069,"Ontario, NY",Ontario,NY,2014,4698239.0
42527,36071,"Orange, NY",Orange,NY,2014,12090513.0
42528,36073,"Orleans, NY",Orleans,NY,2014,912149.0
42529,36075,"Oswego, NY",Oswego,NY,2014,5770154.0
42530,36077,"Otsego, NY",Otsego,NY,2014,1928205.0
42531,36079,"Putnam, NY",Putnam,NY,2014,2942187.0
42532,36081,"Queens, NY",Queens,NY,2014,74906001.0
42533,36083,"Rensselaer, NY",Rensselaer,NY,2014,5196702.0
42534,36085,"Richmond, NY",Richmond,NY,2014,12099669.0
42535,36087,"Rockland, NY",Rockland,NY,2014,15983923.0
42536,36089,"St. Lawrence, NY",St. Lawrence,NY,2014,3770787.0
42537,36091,"Saratoga, NY",Saratoga,NY,2014,8648024.0
42538,36093,"Schenectady, NY",Schenectady,NY,2014,6603677.0
42539,36095,"Schoharie, NY",Schoharie,NY,2014,682873.0
42540,36097,"Schuyler, NY",Schuyler,NY,2014,456654.0
42541,36099,"Seneca, NY",Seneca,NY,2014,1053090.0
42542,36101,"Steuben, NY",Steuben,NY,2014,3769903.0
42543,36103,"Suffolk, NY",Suffolk,NY,2014,76645392.0
42544,36105,"Sullivan, NY",Sullivan,NY,2014,2073292.0
42545,36107,"Tioga, NY",Tioga,NY,2014,1557984.0
42546,36109,"Tompkins, NY",Tompkins,NY,2014,5005651.0
42547,36111,"Ulster, NY",Ulster,NY,2014,5338450.0
42548,36113,"Warren, NY",Warren,NY,2014,3415910.0
42549,36115,"Washington, NY",Washington,NY,2014,1354750.0
42550,36117,"Wayne, NY",Wayne,NY,2014,2876535.0
42551,36119,"Westchester, NY",Westchester,NY,2014,65553668.0
42552,36121,"Wyoming, NY",Wyoming,NY,2014,1291577.0
42553,36123,"Yates, NY",Yates,NY,2014,731544.0
45619,36001,"Albany, NY",Albany,NY,2015,23023945.0
45620,36003,"Allegany, NY",Allegany,NY,2015,1092629.0
45621,36005,"Bronx, NY",Bronx,NY,2015,30181678.0
45622,36007,"Broome, NY",Broome,NY,2015,7242560.0
45623,36009,"Cattaraugus, NY",Cattaraugus,NY,2015,2240232.0
45624,36011,"Cayuga, NY",Cayuga,NY,2015,2294416.0
45625,36013,"Chautauqua, NY",Chautauqua,NY,2015,4049841.0
45626,36015,"Chemung, NY",Chemung,NY,2015,3138248.0
45627,36017,"Chenango, NY",Chenango,NY,2015,1826186.0
45628,36019,"Clinton, NY",Clinton,NY,2015,2931712.0
45629,36021,"Columbia, NY",Columbia,NY,2015,2081571.0
45630,36023,"Cortland, NY",Cortland,NY,2015,1529976.0
45631,36025,"Delaware, NY",Delaware,NY,2015,1533465.0
45632,36027,"Dutchess, NY",Dutchess,NY,2015,11239683.0
45633,36029,"Erie, NY",Erie,NY,2015,47173805.0
45634,36031,"Essex, NY",Essex,NY,2015,1159309.0
45635,36033,"Franklin, NY",Franklin,NY,2015,1141101.0
45636,36035,"Fulton, NY",Fulton,NY,2015,1387754.0
45637,36037,"Genesee, NY",Genesee,NY,2015,1859302.0
45638,36039,"Greene, NY",Greene,NY,2015,1864223.0
45639,36041,"Hamilton, NY",Hamilton,NY,2015,171734.0
45640,36043,"Herkimer, NY",Herkimer,NY,2015,1420490.0
45641,36045,"Jefferson, NY",Jefferson,NY,2015,3227818.0
45642,36047,"Kings, NY",Kings,NY,2015,71412915.0
45643,36049,"Lewis, NY",Lewis,NY,2015,799990.0
45644,36051,"Livingston, NY",Livingston,NY,2015,1486911.0
45645,36053,"Madison, NY",Madison,NY,2015,1913738.0
45646,36055,"Monroe, NY",Monroe,NY,2015,40261017.0
45647,36057,"Montgomery, NY",Montgomery,NY,2015,1454977.0
45648,36059,"Nassau, NY",Nassau,NY,2015,84153757.0
45649,36061,"New York, NY",New York,NY,2015,600654862.0
45650,36063,"Niagara, NY",Niagara,NY,2015,7800005.0
45651,36065,"Oneida, NY",Oneida,NY,2015,7877545.0
45652,36067,"Onondaga, NY",Onondaga,NY,2015,26061528.0
45653,36069,"Ontario, NY",Ontario,NY,2015,5271550.0
45654,36071,"Orange, NY",Orange,NY,2015,13012824.0
45655,36073,"Orleans, NY",Orleans,NY,2015,1017924.0
45656,36075,"Oswego, NY",Oswego,NY,2015,5971992.0
45657,36077,"Otsego, NY",Otsego,NY,2015,2024887.0
45658,36079,"Putnam, NY",Putnam,NY,2015,2984847.0
45659,36081,"Queens, NY",Queens,NY,2015,80122324.0
45660,36083,"Rensselaer, NY",Rensselaer,NY,2015,5648248.0
45661,36085,"Richmond, NY",Richmond,NY,2015,12701330.0
45662,36087,"Rockland, NY",Rockland,NY,2015,17053159.0
45663,36089,"St. Lawrence, NY",St. Lawrence,NY,2015,3603466.0
45664,36091,"Saratoga, NY",Saratoga,NY,2015,9360394.0
45665,36093,"Schenectady, NY",Schenectady,NY,2015,6941758.0
45666,36095,"Schoharie, NY",Schoharie,NY,2015,721629.0
45667,36097,"Schuyler, NY",Schuyler,NY,2015,448213.0
45668,36099,"Seneca, NY",Seneca,NY,2015,1090018.0
45669,36101,"Steuben, NY",Steuben,NY,2015,3681498.0
45670,36103,"Suffolk, NY",Suffolk,NY,2015,79974495.0
45671,36105,"Sullivan, NY",Sullivan,NY,2015,2166868.0
45672,36107,"Tioga, NY",Tioga,NY,2015,1631683.0
45673,36109,"Tompkins, NY",Tompkins,NY,2015,5296224.0
45674,36111,"Ulster, NY",Ulster,NY,2015,5493576.0
45675,36113,"Warren, NY",Warren,NY,2015,3662781.0
45676,36115,"Washington, NY",Washington,NY,2015,1359323.0
45677,36117,"Wayne, NY",Wayne,NY,2015,3066688.0
45678,36119,"Westchester, NY",Westchester,NY,2015,67607014.0
45679,36121,"Wyoming, NY",Wyoming,NY,2015,1186510.0
45680,36123,"Yates, NY",Yates,NY,2015,757935.0
48746,36001,"Albany, NY",Albany,NY,2016,24100523.0
48747,36003,"Allegany, NY",Allegany,NY,2016,1094693.0
48748,36005,"Bronx, NY",Bronx,NY,2016,31863779.0
48749,36007,"Broome, NY",Broome,NY,2016,7244008.0
48750,36009,"Cattaraugus, NY",Cattaraugus,NY,2016,2221235.0
48751,36011,"Cayuga, NY",Cayuga,NY,2016,2239950.0
48752,36013,"Chautauqua, NY",Chautauqua,NY,2016,4022125.0
48753,36015,"Chemung, NY",Chemung,NY,2016,3117064.0
48754,36017,"Chenango, NY",Chenango,NY,2016,1956624.0
48755,36019,"Clinton, NY",Clinton,NY,2016,2924449.0
48756,36021,"Columbia, NY",Columbia,NY,2016,2103723.0
48757,36023,"Cortland, NY",Cortland,NY,2016,1415661.0
48758,36025,"Delaware, NY",Delaware,NY,2016,1567345.0
48759,36027,"Dutchess, NY",Dutchess,NY,2016,11373709.0
48760,36029,"Erie, NY",Erie,NY,2016,48473094.0
48761,36031,"Essex, NY",Essex,NY,2016,1219884.0
48762,36033,"Franklin, NY",Franklin,NY,2016,1211793.0
48763,36035,"Fulton, NY",Fulton,NY,2016,1567915.0
48764,36037,"Genesee, NY",Genesee,NY,2016,1862548.0
48765,36039,"Greene, NY",Greene,NY,2016,1965704.0
48766,36041,"Hamilton, NY",Hamilton,NY,2016,178954.0
48767,36043,"Herkimer, NY",Herkimer,NY,2016,1422000.0
48768,36045,"Jefferson, NY",Jefferson,NY,2016,3313868.0
48769,36047,"Kings, NY",Kings,NY,2016,75408021.0
48770,36049,"Lewis, NY",Lewis,NY,2016,846186.0
48771,36051,"Livingston, NY",Livingston,NY,2016,1529973.0
48772,36053,"Madison, NY",Madison,NY,2016,1872212.0
48773,36055,"Monroe, NY",Monroe,NY,2016,41212605.0
48774,36057,"Montgomery, NY",Montgomery,NY,2016,1570792.0
48775,36059,"Nassau, NY",Nassau,NY,2016,87657171.0
48776,36061,"New York, NY",New York,NY,2016,633489164.0
48777,36063,"Niagara, NY",Niagara,NY,2016,8232120.0
48778,36065,"Oneida, NY",Oneida,NY,2016,8212329.0
48779,36067,"Onondaga, NY",Onondaga,NY,2016,26312327.0
48780,36069,"Ontario, NY",Ontario,NY,2016,5091726.0
48781,36071,"Orange, NY",Orange,NY,2016,13488614.0
48782,36073,"Orleans, NY",Orleans,NY,2016,990641.0
48783,36075,"Oswego, NY",Oswego,NY,2016,5748411.0
48784,36077,"Otsego, NY",Otsego,NY,2016,2095066.0
48785,36079,"Putnam, NY",Putnam,NY,2016,3202023.0
48786,36081,"Queens, NY",Queens,NY,2016,82801798.0
48787,36083,"Rensselaer, NY",Rensselaer,NY,2016,6090337.0
48788,36085,"Richmond, NY",Richmond,NY,2016,13168101.0
48789,36087,"Rockland, NY",Rockland,NY,2016,16575577.0
48790,36089,"St. Lawrence, NY",St. Lawrence,NY,2016,3650692.0
48791,36091,"Saratoga, NY",Saratoga,NY,2016,9698846.0
48792,36093,"Schenectady, NY",Schenectady,NY,2016,7234856.0
48793,36095,"Schoharie, NY",Schoharie,NY,2016,746352.0
48794,36097,"Schuyler, NY",Schuyler,NY,2016,447877.0
48795,36099,"Seneca, NY",Seneca,NY,2016,1097945.0
48796,36101,"Steuben, NY",Steuben,NY,2016,3656479.0
48797,36103,"Suffolk, NY",Suffolk,NY,2016,82990388.0
48798,36105,"Sullivan, NY",Sullivan,NY,2016,2288930.0
48799,36107,"Tioga, NY",Tioga,NY,2016,1484859.0
48800,36109,"Tompkins, NY",Tompkins,NY,2016,5434911.0
48801,36111,"Ulster, NY",Ulster,NY,2016,5656152.0
48802,36113,"Warren, NY",Warren,NY,2016,3755726.0
48803,36115,"Washington, NY",Washington,NY,2016,1334311.0
48804,36117,"Wayne, NY",Wayne,NY,2016,3224202.0
48805,36119,"Westchester, NY",Westchester,NY,2016,69881235.0
48806,36121,"Wyoming, NY",Wyoming,NY,2016,1180653.0
48807,36123,"Yates, NY",Yates,NY,2016,771560.0
51873,36001,"Albany, NY",Albany,NY,2017,24496638.0
51874,36003,"Allegany, NY",Allegany,NY,2017,1356524.0
51875,36005,"Bronx, NY",Bronx,NY,2017,32330323.0
51876,36007,"Broome, NY",Broome,NY,2017,7429700.0
51877,36009,"Cattaraugus, NY",Cattaraugus,NY,2017,2145456.0
51878,36011,"Cayuga, NY",Cayuga,NY,2017,2266136.0
51879,36013,"Chautauqua, NY",Chautauqua,NY,2017,3976788.0
51880,36015,"Chemung, NY",Chemung,NY,2017,3072137.0
51881,36017,"Chenango, NY",Chenango,NY,2017,1919527.0
51882,36019,"Clinton, NY",Clinton,NY,2017,2923568.0
51883,36021,"Columbia, NY",Columbia,NY,2017,2071459.0
51884,36023,"Cortland, NY",Cortland,NY,2017,1396603.0
51885,36025,"Delaware, NY",Delaware,NY,2017,1641521.0
51886,36027,"Dutchess, NY",Dutchess,NY,2017,11927321.0
51887,36029,"Erie, NY",Erie,NY,2017,48518194.0
51888,36031,"Essex, NY",Essex,NY,2017,1199861.0
51889,36033,"Franklin, NY",Franklin,NY,2017,1231683.0
51890,36035,"Fulton, NY",Fulton,NY,2017,1580752.0
51891,36037,"Genesee, NY",Genesee,NY,2017,1876489.0
51892,36039,"Greene, NY",Greene,NY,2017,2069029.0
51893,36041,"Hamilton, NY",Hamilton,NY,2017,164506.0
51894,36043,"Herkimer, NY",Herkimer,NY,2017,1394119.0
51895,36045,"Jefferson, NY",Jefferson,NY,2017,3306701.0
51896,36047,"Kings, NY",Kings,NY,2017,78753211.0
51897,36049,"Lewis, NY",Lewis,NY,2017,874398.0
51898,36051,"Livingston, NY",Livingston,NY,2017,1583292.0
51899,36053,"Madison, NY",Madison,NY,2017,1958499.0
51900,36055,"Monroe, NY",Monroe,NY,2017,41961940.0
51901,36057,"Montgomery, NY",Montgomery,NY,2017,1616530.0
51902,36059,"Nassau, NY",Nassau,NY,2017,89922916.0
51903,36061,"New York, NY",New York,NY,2017,675718145.0
51904,36063,"Niagara, NY",Niagara,NY,2017,8413168.0
51905,36065,"Oneida, NY",Oneida,NY,2017,8292610.0
51906,36067,"Onondaga, NY",Onondaga,NY,2017,26423233.0
51907,36069,"Ontario, NY",Ontario,NY,2017,5278785.0
51908,36071,"Orange, NY",Orange,NY,2017,14111212.0
51909,36073,"Orleans, NY",Orleans,NY,2017,1004629.0
51910,36075,"Oswego, NY",Oswego,NY,2017,5976519.0
51911,36077,"Otsego, NY",Otsego,NY,2017,2216591.0
51912,36079,"Putnam, NY",Putnam,NY,2017,3276399.0
51913,36081,"Queens, NY",Queens,NY,2017,85569993.0
51914,36083,"Rensselaer, NY",Rensselaer,NY,2017,6914618.0
51915,36085,"Richmond, NY",Richmond,NY,2017,13770080.0
51916,36087,"Rockland, NY",Rockland,NY,2017,15506862.0
51917,36089,"St. Lawrence, NY",St. Lawrence,NY,2017,3824479.0
51918,36091,"Saratoga, NY",Saratoga,NY,2017,10229072.0
51919,36093,"Schenectady, NY",Schenectady,NY,2017,7486289.0
51920,36095,"Schoharie, NY",Schoharie,NY,2017,819152.0
51921,36097,"Schuyler, NY",Schuyler,NY,2017,432890.0
51922,36099,"Seneca, NY",Seneca,NY,2017,1189998.0
51923,36101,"Steuben, NY",Steuben,NY,2017,3644639.0
51924,36103,"Suffolk, NY",Suffolk,NY,2017,84899064.0
51925,36105,"Sullivan, NY",Sullivan,NY,2017,2347224.0
51926,36107,"Tioga, NY",Tioga,NY,2017,1479368.0
51927,36109,"Tompkins, NY",Tompkins,NY,2017,5582950.0
51928,36111,"Ulster, NY",Ulster,NY,2017,5875700.0
51929,36113,"Warren, NY",Warren,NY,2017,3896339.0
51930,36115,"Washington, NY",Washington,NY,2017,1373841.0
51931,36117,"Wayne, NY",Wayne,NY,2017,3336383.0
51932,36119,"Westchester, NY",Westchester,NY,2017,73176455.0
51933,36121,"Wyoming, NY",Wyoming,NY,2017,1219979.0
51934,36123,"Yates, NY",Yates,NY,2017,814695.0
55000,36001,"Albany, NY",Albany,NY,2018,25255965.0
55001,36003,"Allegany, NY",Allegany,NY,2018,1342638.0
55002,36005,"Bronx, NY",Bronx,NY,2018,34147164.0
55003,36007,"Broome, NY",Broome,NY,2018,7543807.0
55004,36009,"Cattaraugus, NY",Cattaraugus,NY,2018,2139711.0
55005,36011,"Cayuga, NY",Cayuga,NY,2018,2322201.0
55006,36013,"Chautauqua, NY",Chautauqua,NY,2018,4062255.0
55007,36015,"Chemung, NY",Chemung,NY,2018,3197538.0
55008,36017,"Chenango, NY",Chenango,NY,2018,1968607.0
55009,36019,"Clinton, NY",Clinton,NY,2018,2925552.0
55010,36021,"Columbia, NY",Columbia,NY,2018,2002719.0
55011,36023,"Cortland, NY",Cortland,NY,2018,1462930.0
55012,36025,"Delaware, NY",Delaware,NY,2018,1615461.0
55013,36027,"Dutchess, NY",Dutchess,NY,2018,12092655.0
55014,36029,"Erie, NY",Erie,NY,2018,50504611.0
55015,36031,"Essex, NY",Essex,NY,2018,1252246.0
55016,36033,"Franklin, NY",Franklin,NY,2018,1249501.0
55017,36035,"Fulton, NY",Fulton,NY,2018,1558082.0
55018,36037,"Genesee, NY",Genesee,NY,2018,1995790.0
55019,36039,"Greene, NY",Greene,NY,2018,2037153.0
55020,36041,"Hamilton, NY",Hamilton,NY,2018,170570.0
55021,36043,"Herkimer, NY",Herkimer,NY,2018,1452015.0
55022,36045,"Jefferson, NY",Jefferson,NY,2018,3392479.0
55023,36047,"Kings, NY",Kings,NY,2018,84931174.0
55024,36049,"Lewis, NY",Lewis,NY,2018,869743.0
55025,36051,"Livingston, NY",Livingston,NY,2018,1708834.0
55026,36053,"Madison, NY",Madison,NY,2018,2042599.0
55027,36055,"Monroe, NY",Monroe,NY,2018,42897752.0
55028,36057,"Montgomery, NY",Montgomery,NY,2018,1687485.0
55029,36059,"Nassau, NY",Nassau,NY,2018,92058737.0
55030,36061,"New York, NY",New York,NY,2018,715871147.0
55031,36063,"Niagara, NY",Niagara,NY,2018,8551088.0
55032,36065,"Oneida, NY",Oneida,NY,2018,8640439.0
55033,36067,"Onondaga, NY",Onondaga,NY,2018,27106798.0
55034,36069,"Ontario, NY",Ontario,NY,2018,5423018.0
55035,36071,"Orange, NY",Orange,NY,2018,15149935.0
55036,36073,"Orleans, NY",Orleans,NY,2018,1010017.0
55037,36075,"Oswego, NY",Oswego,NY,2018,5964612.0
55038,36077,"Otsego, NY",Otsego,NY,2018,2326911.0
55039,36079,"Putnam, NY",Putnam,NY,2018,3398523.0
55040,36081,"Queens, NY",Queens,NY,2018,90023474.0
55041,36083,"Rensselaer, NY",Rensselaer,NY,2018,6820165.0
55042,36085,"Richmond, NY",Richmond,NY,2018,14325789.0
55043,36087,"Rockland, NY",Rockland,NY,2018,15577822.0
55044,36089,"St. Lawrence, NY",St. Lawrence,NY,2018,3757383.0
55045,36091,"Saratoga, NY",Saratoga,NY,2018,10945403.0
55046,36093,"Schenectady, NY",Schenectady,NY,2018,7501527.0
55047,36095,"Schoharie, NY",Schoharie,NY,2018,846897.0
55048,36097,"Schuyler, NY",Schuyler,NY,2018,452673.0
55049,36099,"Seneca, NY",Seneca,NY,2018,1228381.0
55050,36101,"Steuben, NY",Steuben,NY,2018,3857908.0
55051,36103,"Suffolk, NY",Suffolk,NY,2018,87051696.0
55052,36105,"Sullivan, NY",Sullivan,NY,2018,2540514.0
55053,36107,"Tioga, NY",Tioga,NY,2018,1553905.0
55054,36109,"Tompkins, NY",Tompkins,NY,2018,5745300.0
55055,36111,"Ulster, NY",Ulster,NY,2018,6094935.0
55056,36113,"Warren, NY",Warren,NY,2018,4002281.0
55057,36115,"Washington, NY",Washington,NY,2018,1379543.0
55058,36117,"Wayne, NY",Wayne,NY,2018,3427398.0
55059,36119,"Westchester, NY",Westchester,NY,2018,76475912.0
55060,36121,"Wyoming, NY",Wyoming,NY,2018,1340452.0
55061,36123,"Yates, NY",Yates,NY,2018,821905.0
58127,36001,"Albany, NY",Albany,NY,2019,26857892.0
58128,36003,"Allegany, NY",Allegany,NY,2019,1430076.0
58129,36005,"Bronx, NY",Bronx,NY,2019,36900749.0
58130,36007,"Broome, NY",Broome,NY,2019,7826408.0
58131,36009,"Cattaraugus, NY",Cattaraugus,NY,2019,2258429.0
58132,36011,"Cayuga, NY",Cayuga,NY,2019,2433749.0
58133,36013,"Chautauqua, NY",Chautauqua,NY,2019,4134729.0
58134,36015,"Chemung, NY",Chemung,NY,2019,3225736.0
58135,36017,"Chenango, NY",Chenango,NY,2019,2054051.0
58136,36019,"Clinton, NY",Clinton,NY,2019,2955053.0
58137,36021,"Columbia, NY",Columbia,NY,2019,2186805.0
58138,36023,"Cortland, NY",Cortland,NY,2019,1452101.0
58139,36025,"Delaware, NY",Delaware,NY,2019,1770694.0
58140,36027,"Dutchess, NY",Dutchess,NY,2019,12581254.0
58141,36029,"Erie, NY",Erie,NY,2019,52730637.0
58142,36031,"Essex, NY",Essex,NY,2019,1306598.0
58143,36033,"Franklin, NY",Franklin,NY,2019,1299441.0
58144,36035,"Fulton, NY",Fulton,NY,2019,1655639.0
58145,36037,"Genesee, NY",Genesee,NY,2019,2040310.0
58146,36039,"Greene, NY",Greene,NY,2019,1982759.0
58147,36041,"Hamilton, NY",Hamilton,NY,2019,170709.0
58148,36043,"Herkimer, NY",Herkimer,NY,2019,1546776.0
58149,36045,"Jefferson, NY",Jefferson,NY,2019,3429577.0
58150,36047,"Kings, NY",Kings,NY,2019,91571087.0
58151,36049,"Lewis, NY",Lewis,NY,2019,933836.0
58152,36051,"Livingston, NY",Livingston,NY,2019,1746339.0
58153,36053,"Madison, NY",Madison,NY,2019,2051987.0
58154,36055,"Monroe, NY",Monroe,NY,2019,45133242.0
58155,36057,"Montgomery, NY",Montgomery,NY,2019,1770825.0
58156,36059,"Nassau, NY",Nassau,NY,2019,94915125.0
58157,36061,"New York, NY",New York,NY,2019,745621816.0
58158,36063,"Niagara, NY",Niagara,NY,2019,9032950.0
58159,36065,"Oneida, NY",Oneida,NY,2019,8969070.0
58160,36067,"Onondaga, NY",Onondaga,NY,2019,28468677.0
58161,36069,"Ontario, NY",Ontario,NY,2019,5710989.0
58162,36071,"Orange, NY",Orange,NY,2019,16679720.0
58163,36073,"Orleans, NY",Orleans,NY,2019,1036242.0
58164,36075,"Oswego, NY",Oswego,NY,2019,6275303.0
58165,36077,"Otsego, NY",Otsego,NY,2019,2390651.0
58166,36079,"Putnam, NY",Putnam,NY,2019,3499615.0
58167,36081,"Queens, NY",Queens,NY,2019,93073917.0
58168,36083,"Rensselaer, NY",Rensselaer,NY,2019,8019108.0
58169,36085,"Richmond, NY",Richmond,NY,2019,14505968.0
58170,36087,"Rockland, NY",Rockland,NY,2019,16062968.0
58171,36089,"St. Lawrence, NY",St. Lawrence,NY,2019,3831852.0
58172,36091,"Saratoga, NY",Saratoga,NY,2019,11553667.0
58173,36093,"Schenectady, NY",Schenectady,NY,2019,7963222.0
58174,36095,"Schoharie, NY",Schoharie,NY,2019,868084.0
58175,36097,"Schuyler, NY",Schuyler,NY,2019,459383.0
58176,36099,"Seneca, NY",Seneca,NY,2019,1348435.0
58177,36101,"Steuben, NY",Steuben,NY,2019,3975506.0
58178,36103,"Suffolk, NY",Suffolk,NY,2019,90556759.0
58179,36105,"Sullivan, NY",Sullivan,NY,2019,2609417.0
58180,36107,"Tioga, NY",Tioga,NY,2019,1532720.0
58181,36109,"Tompkins, NY",Tompkins,NY,2019,5951171.0
58182,36111,"Ulster, NY",Ulster,NY,2019,6492977.0
58183,36113,"Warren, NY",Warren,NY,2019,5231627.0
58184,36115,"Washington, NY",Washington,NY,2019,1526987.0
58185,36117,"Wayne, NY",Wayne,NY,2019,3620130.0
58186,36119,"Westchester, NY",Westchester,NY,2019,80772265.0
58187,36121,"Wyoming, NY",Wyoming,NY,2019,1412241.0
58188,36123,"Yates, NY",Yates,NY,2019,887376.0
61254,36001,"Albany, NY",Albany,NY,2020,27426647.0
61255,36003,"Allegany, NY",Allegany,NY,2020,1255065.0
61256,36005,"Bronx, NY",Bronx,NY,2020,36252521.0
61257,36007,"Broome, NY",Broome,NY,2020,7758833.0
61258,36009,"Cattaraugus, NY",Cattaraugus,NY,2020,2151651.0
61259,36011,"Cayuga, NY",Cayuga,NY,2020,2501843.0
61260,36013,"Chautauqua, NY",Chautauqua,NY,2020,3870361.0
61261,36015,"Chemung, NY",Chemung,NY,2020,3132490.0
61262,36017,"Chenango, NY",Chenango,NY,2020,1986895.0
61263,36019,"Clinton, NY",Clinton,NY,2020,2925826.0
61264,36021,"Columbia, NY",Columbia,NY,2020,2311604.0
61265,36023,"Cortland, NY",Cortland,NY,2020,1475285.0
61266,36025,"Delaware, NY",Delaware,NY,2020,1765217.0
61267,36027,"Dutchess, NY",Dutchess,NY,2020,12416317.0
61268,36029,"Erie, NY",Erie,NY,2020,53171332.0
61269,36031,"Essex, NY",Essex,NY,2020,1328935.0
61270,36033,"Franklin, NY",Franklin,NY,2020,1318635.0
61271,36035,"Fulton, NY",Fulton,NY,2020,1676067.0
61272,36037,"Genesee, NY",Genesee,NY,2020,2009265.0
61273,36039,"Greene, NY",Greene,NY,2020,2070880.0
61274,36041,"Hamilton, NY",Hamilton,NY,2020,180548.0
61275,36043,"Herkimer, NY",Herkimer,NY,2020,1579183.0
61276,36045,"Jefferson, NY",Jefferson,NY,2020,3378111.0
61277,36047,"Kings, NY",Kings,NY,2020,91114650.0
61278,36049,"Lewis, NY",Lewis,NY,2020,923222.0
61279,36051,"Livingston, NY",Livingston,NY,2020,1700151.0
61280,36053,"Madison, NY",Madison,NY,2020,2038095.0
61281,36055,"Monroe, NY",Monroe,NY,2020,45241401.0
61282,36057,"Montgomery, NY",Montgomery,NY,2020,1737639.0
61283,36059,"Nassau, NY",Nassau,NY,2020,95479042.0
61284,36061,"New York, NY",New York,NY,2020,740060511.0
61285,36063,"Niagara, NY",Niagara,NY,2020,9067046.0
61286,36065,"Oneida, NY",Oneida,NY,2020,9195137.0
61287,36067,"Onondaga, NY",Onondaga,NY,2020,28789003.0
61288,36069,"Ontario, NY",Ontario,NY,2020,5733455.0
61289,36071,"Orange, NY",Orange,NY,2020,17150464.0
61290,36073,"Orleans, NY",Orleans,NY,2020,1089504.0
61291,36075,"Oswego, NY",Oswego,NY,2020,6247502.0
61292,36077,"Otsego, NY",Otsego,NY,2020,2410547.0
61293,36079,"Putnam, NY",Putnam,NY,2020,3416322.0
61294,36081,"Queens, NY",Queens,NY,2020,84798920.0
61295,36083,"Rensselaer, NY",Rensselaer,NY,2020,8979016.0
61296,36085,"Richmond, NY",Richmond,NY,2020,14838591.0
61297,36087,"Rockland, NY",Rockland,NY,2020,16273334.0
61298,36089,"St. Lawrence, NY",St. Lawrence,NY,2020,3922694.0
61299,36091,"Saratoga, NY",Saratoga,NY,2020,11138100.0
61300,36093,"Schenectady, NY",Schenectady,NY,2020,7796081.0
61301,36095,"Schoharie, NY",Schoharie,NY,2020,805350.0
61302,36097,"Schuyler, NY",Schuyler,NY,2020,475819.0
61303,36099,"Seneca, NY",Seneca,NY,2020,1238415.0
61304,36101,"Steuben, NY",Steuben,NY,2020,3908663.0
61305,36103,"Suffolk, NY",Suffolk,NY,2020,93360052.0
61306,36105,"Sullivan, NY",Sullivan,NY,2020,2616452.0
61307,36107,"Tioga, NY",Tioga,NY,2020,1445407.0
61308,36109,"Tompkins, NY",Tompkins,NY,2020,5641747.0
61309,36111,"Ulster, NY",Ulster,NY,2020,6427913.0
61310,36113,"Warren, NY",Warren,NY,2020,5192669.0
61311,36115,"Washington, NY",Washington,NY,2020,1632233.0
61312,36117,"Wayne, NY",Wayne,NY,2020,3447649.0
61313,36119,"Westchester, NY",Westchester,NY,2020,83916566.0
61314,36121,"Wyoming, NY",Wyoming,NY,2020,1414725.0
61315,36123,"Yates, NY",Yates,NY,2020,908234.0
64381,36001,"Albany, NY",Albany,NY,2021,29886186.0
64382,36003,"Allegany, NY",Allegany,NY,2021,1244116.0
64383,36005,"Bronx, NY",Bronx,NY,2021,38130037.0
64384,36007,"Broome, NY",Broome,NY,2021,8275482.0
64385,36009,"Cattaraugus, NY",Cattaraugus,NY,2021,2339781.0
64386,36011,"Cayuga, NY",Cayuga,NY,2021,2679359.0
64387,36013,"Chautauqua, NY",Chautauqua,NY,2021,4180042.0
64388,36015,"Chemung, NY",Chemung,NY,2021,3338564.0
64389,36017,"Chenango, NY",Chenango,NY,2021,1986379.0
64390,36019,"Clinton, NY",Clinton,NY,2021,3137302.0
64391,36021,"Columbia, NY",Columbia,NY,2021,2560238.0
64392,36023,"Cortland, NY",Cortland,NY,2021,1565481.0
64393,36025,"Delaware, NY",Delaware,NY,2021,2052860.0
64394,36027,"Dutchess, NY",Dutchess,NY,2021,13816162.0
64395,36029,"Erie, NY",Erie,NY,2021,57588183.0
64396,36031,"Essex, NY",Essex,NY,2021,1465914.0
64397,36033,"Franklin, NY",Franklin,NY,2021,1363338.0
64398,36035,"Fulton, NY",Fulton,NY,2021,1728621.0
64399,36037,"Genesee, NY",Genesee,NY,2021,2183572.0
64400,36039,"Greene, NY",Greene,NY,2021,2306892.0
64401,36041,"Hamilton, NY",Hamilton,NY,2021,183154.0
64402,36043,"Herkimer, NY",Herkimer,NY,2021,1614989.0
64403,36045,"Jefferson, NY",Jefferson,NY,2021,3721699.0
64404,36047,"Kings, NY",Kings,NY,2021,97910285.0
64405,36049,"Lewis, NY",Lewis,NY,2021,1053010.0
64406,36051,"Livingston, NY",Livingston,NY,2021,1840721.0
64407,36053,"Madison, NY",Madison,NY,2021,2142212.0
64408,36055,"Monroe, NY",Monroe,NY,2021,49133351.0
64409,36057,"Montgomery, NY",Montgomery,NY,2021,1884826.0
64410,36059,"Nassau, NY",Nassau,NY,2021,102177820.0
64411,36061,"New York, NY",New York,NY,2021,816850075.0
64412,36063,"Niagara, NY",Niagara,NY,2021,9787937.0
64413,36065,"Oneida, NY",Oneida,NY,2021,9500565.0
64414,36067,"Onondaga, NY",Onondaga,NY,2021,30459037.0
64415,36069,"Ontario, NY",Ontario,NY,2021,6282347.0
64416,36071,"Orange, NY",Orange,NY,2021,18609561.0
64417,36073,"Orleans, NY",Orleans,NY,2021,1195094.0
64418,36075,"Oswego, NY",Oswego,NY,2021,7133476.0
64419,36077,"Otsego, NY",Otsego,NY,2021,2521056.0
64420,36079,"Putnam, NY",Putnam,NY,2021,3784063.0
64421,36081,"Queens, NY",Queens,NY,2021,91231516.0
64422,36083,"Rensselaer, NY",Rensselaer,NY,2021,11398062.0
64423,36085,"Richmond, NY",Richmond,NY,2021,15879666.0
64424,36087,"Rockland, NY",Rockland,NY,2021,18584659.0
64425,36089,"St. Lawrence, NY",St. Lawrence,NY,2021,4203147.0
64426,36091,"Saratoga, NY",Saratoga,NY,2021,12338545.0
64427,36093,"Schenectady, NY",Schenectady,NY,2021,8912965.0
64428,36095,"Schoharie, NY",Schoharie,NY,2021,843296.0
64429,36097,"Schuyler, NY",Schuyler,NY,2021,474137.0
64430,36099,"Seneca, NY",Seneca,NY,2021,1392932.0
64431,36101,"Steuben, NY",Steuben,NY,2021,4089616.0
64432,36103,"Suffolk, NY",Suffolk,NY,2021,102163393.0
64433,36105,"Sullivan, NY",Sullivan,NY,2021,2835977.0
64434,36107,"Tioga, NY",Tioga,NY,2021,1451350.0
64435,36109,"Tompkins, NY",Tompkins,NY,2021,6050917.0
64436,36111,"Ulster, NY",Ulster,NY,2021,6843878.0
64437,36113,"Warren, NY",Warren,NY,2021,5660332.0
64438,36115,"Washington, NY",Washington,NY,2021,1779184.0
64439,36117,"Wayne, NY",Wayne,NY,2021,3706450.0
64440,36119,"Westchester, NY",Westchester,NY,2021,87101809.0
64441,36121,"Wyoming, NY",Wyoming,NY,2021,1548942.0
64442,36123,"Yates, NY",Yates,NY,2021,1098572.0
67508,36001,"Albany, NY",Albany,NY,2022,31890300.0
67509,36003,"Allegany, NY",Allegany,NY,2022,1276160.0
67510,36005,"Bronx, NY",Bronx,NY,2022,40770408.0
67511,36007,"Broome, NY",Broome,NY,2022,8716802.0
67512,36009,"Cattaraugus, NY",Cattaraugus,NY,2022,2583675.0
67513,36011,"Cayuga, NY",Cayuga,NY,2022,2985195.0
67514,36013,"Chautauqua, NY",Chautauqua,NY,2022,4679094.0
67515,36015,"Chemung, NY",Chemung,NY,2022,3624871.0
67516,36017,"Chenango, NY",Chenango,NY,2022,2240974.0
67517,36019,"Clinton, NY",Clinton,NY,2022,3496516.0
67518,36021,"Columbia, NY",Columbia,NY,2022,2735268.0
67519,36023,"Cortland, NY",Cortland,NY,2022,1730354.0
67520,36025,"Delaware, NY",Delaware,NY,2022,2351837.0
67521,36027,"Dutchess, NY",Dutchess,NY,2022,15192979.0
67522,36029,"Erie, NY",Erie,NY,2022,62697625.0
67523,36031,"Essex, NY",Essex,NY,2022,1572600.0
67524,36033,"Franklin, NY",Franklin,NY,2022,1505282.0
67525,36035,"Fulton, NY",Fulton,NY,2022,1877935.0
67526,36037,"Genesee, NY",Genesee,NY,2022,2508215.0
67527,36039,"Greene, NY",Greene,NY,2022,2857496.0
67528,36041,"Hamilton, NY",Hamilton,NY,2022,194854.0
67529,36043,"Herkimer, NY",Herkimer,NY,2022,1732004.0
67530,36045,"Jefferson, NY",Jefferson,NY,2022,4188822.0
67531,36047,"Kings, NY",Kings,NY,2022,107886514.0
67532,36049,"Lewis, NY",Lewis,NY,2022,1256566.0
67533,36051,"Livingston, NY",Livingston,NY,2022,2103249.0
67534,36053,"Madison, NY",Madison,NY,2022,2441079.0
67535,36055,"Monroe, NY",Monroe,NY,2022,52531139.0
67536,36057,"Montgomery, NY",Montgomery,NY,2022,2129841.0
67537,36059,"Nassau, NY",Nassau,NY,2022,108961557.0
67538,36061,"New York, NY",New York,NY,2022,868575340.0
67539,36063,"Niagara, NY",Niagara,NY,2022,10819413.0
67540,36065,"Oneida, NY",Oneida,NY,2022,10308627.0
67541,36067,"Onondaga, NY",Onondaga,NY,2022,32495795.0
67542,36069,"Ontario, NY",Ontario,NY,2022,6766421.0
67543,36071,"Orange, NY",Orange,NY,2022,20294146.0
67544,36073,"Orleans, NY",Orleans,NY,2022,1242467.0
67545,36075,"Oswego, NY",Oswego,NY,2022,7572102.0
67546,36077,"Otsego, NY",Otsego,NY,2022,2667690.0
67547,36079,"Putnam, NY",Putnam,NY,2022,4047018.0
67548,36081,"Queens, NY",Queens,NY,2022,104328159.0
67549,36083,"Rensselaer, NY",Rensselaer,NY,2022,12410166.0
67550,36085,"Richmond, NY",Richmond,NY,2022,17486890.0
67551,36087,"Rockland, NY",Rockland,NY,2022,19522141.0
67552,36089,"St. Lawrence, NY",St. Lawrence,NY,2022,4670628.0
67553,36091,"Saratoga, NY",Saratoga,NY,2022,13357198.0
67554,36093,"Schenectady, NY",Schenectady,NY,2022,9320275.0
67555,36095,"Schoharie, NY",Schoharie,NY,2022,952593.0
67556,36097,"Schuyler, NY",Schuyler,NY,2022,538698.0
67557,36099,"Seneca, NY",Seneca,NY,2022,1563929.0
67558,36101,"Steuben, NY",Steuben,NY,2022,4629094.0
67559,36103,"Suffolk, NY",Suffolk,NY,2022,109664807.0
67560,36105,"Sullivan, NY",Sullivan,NY,2022,3104922.0
67561,36107,"Tioga, NY",Tioga,NY,2022,1645996.0
67562,36109,"Tompkins, NY",Tompkins,NY,2022,6435877.0
67563,36111,"Ulster, NY",Ulster,NY,2022,7533968.0
67564,36113,"Warren, NY",Warren,NY,2022,5335927.0
67565,36115,"Washington, NY",Washington,NY,2022,1896605.0
67566,36117,"Wayne, NY",Wayne,NY,2022,4125491.0
67567,36119,"Westchester, NY",Westchester,NY,2022,95523291.0
67568,36121,"Wyoming, NY",Wyoming,NY,2022,1696015.0
67569,36123,"Yates, NY",Yates,NY,2022,1170228.0
70635,36001,"Albany, NY",Albany,NY,2023,33986072.0
70636,36003,"Allegany, NY",Allegany,NY,2023,1372512.0
70637,36005,"Bronx, NY",Bronx,NY,2023,43909883.0
70638,36007,"Broome, NY",Broome,NY,2023,9346779.0
70639,36009,"Cattaraugus, NY",Cattaraugus,NY,2023,2840204.0
70640,36011,"Cayuga, NY",Cayuga,NY,2023,3115814.0
70641,36013,"Chautauqua, NY",Chautauqua,NY,2023,4846313.0
70642,36015,"Chemung, NY",Chemung,NY,2023,3783101.0
70643,36017,"Chenango, NY",Chenango,NY,2023,2422579.0
70644,36019,"Clinton, NY",Clinton,NY,2023,3698598.0
70645,36021,"Columbia, NY",Columbia,NY,2023,2901053.0
70646,36023,"Cortland, NY",Cortland,NY,2023,1818329.0
70647,36025,"Delaware, NY",Delaware,NY,2023,2458082.0
70648,36027,"Dutchess, NY",Dutchess,NY,2023,16175711.0
70649,36029,"Erie, NY",Erie,NY,2023,67347869.0
70650,36031,"Essex, NY",Essex,NY,2023,1687897.0
70651,36033,"Franklin, NY",Franklin,NY,2023,1603442.0
70652,36035,"Fulton, NY",Fulton,NY,2023,1994085.0
70653,36037,"Genesee, NY",Genesee,NY,2023,2700684.0
70654,36039,"Greene, NY",Greene,NY,2023,2646617.0
70655,36041,"Hamilton, NY",Hamilton,NY,2023,211913.0
70656,36043,"Herkimer, NY",Herkimer,NY,2023,1864087.0
70657,36045,"Jefferson, NY",Jefferson,NY,2023,4404643.0
70658,36047,"Kings, NY",Kings,NY,2023,118442936.0
70659,36049,"Lewis, NY",Lewis,NY,2023,1300179.0
70660,36051,"Livingston, NY",Livingston,NY,2023,2185015.0
70661,36053,"Madison, NY",Madison,NY,2023,2529029.0
70662,36055,"Monroe, NY",Monroe,NY,2023,55852905.0
70663,36057,"Montgomery, NY",Montgomery,NY,2023,2203433.0
70664,36059,"Nassau, NY",Nassau,NY,2023,113554710.0
70665,36061,"New York, NY",New York,NY,2023,898345127.0
70666,36063,"Niagara, NY",Niagara,NY,2023,11507941.0
70667,36065,"Oneida, NY",Oneida,NY,2023,10816094.0
70668,36067,"Onondaga, NY",Onondaga,NY,2023,33907394.0
70669,36069,"Ontario, NY",Ontario,NY,2023,7250242.0
70670,36071,"Orange, NY",Orange,NY,2023,21705608.0
70671,36073,"Orleans, NY",Orleans,NY,2023,1348998.0
70672,36075,"Oswego, NY",Oswego,NY,2023,7996695.0
70673,36077,"Otsego, NY",Otsego,NY,2023,2826150.0
70674,36079,"Putnam, NY",Putnam,NY,2023,4532021.0
70675,36081,"Queens, NY",Queens,NY,2023,116839543.0
70676,36083,"Rensselaer, NY",Rensselaer,NY,2023,13311343.0
70677,36085,"Richmond, NY",Richmond,NY,2023,18594169.0
70678,36087,"Rockland, NY",Rockland,NY,2023,20530223.0
70679,36089,"St. Lawrence, NY",St. Lawrence,NY,2023,4980512.0
70680,36091,"Saratoga, NY",Saratoga,NY,2023,14378847.0
70681,36093,"Schenectady, NY",Schenectady,NY,2023,10436432.0
70682,36095,"Schoharie, NY",Schoharie,NY,2023,989054.0
70683,36097,"Schuyler, NY",Schuyler,NY,2023,566606.0
70684,36099,"Seneca, NY",Seneca,NY,2023,1630158.0
70685,36101,"Steuben, NY",Steuben,NY,2023,4749729.0
70686,36103,"Suffolk, NY",Suffolk,NY,2023,114081164.0
70687,36105,"Sullivan, NY",Sullivan,NY,2023,3506536.0
70688,36107,"Tioga, NY",Tioga,NY,2023,1702282.0
70689,36109,"Tompkins, NY",Tompkins,NY,2023,6847298.0
70690,36111,"Ulster, NY",Ulster,NY,2023,7942049.0
70691,36113,"Warren, NY",Warren,NY,2023,5813361.0
70692,36115,"Washington, NY",Washington,NY,2023,1988724.0
70693,36117,"Wayne, NY",Wayne,NY,2023,4309946.0
70694,36119,"Westchester, NY",Westchester,NY,2023,102169222.0
70695,36121,"Wyoming, NY",Wyoming,NY,2023,1666452.0
70696,36123,"Yates, NY",Yates,NY,2023,1212637.0
73762,36001,"Albany, NY",Albany,NY,2024,34916727.0
73763,36003,"Allegany, NY",Allegany,NY,2024,1503564.0
73764,36005,"Bronx, NY",Bronx,NY,2024,46623569.0
73765,36007,"Broome, NY",Broome,NY,2024,9890674.0
73766,36009,"Cattaraugus, NY",Cattaraugus,NY,2024,2994228.0
73767,36011,"Cayuga, NY",Cayuga,NY,2024,3303762.0
73768,36013,"Chautauqua, NY",Chautauqua,NY,2024,5203729.0
73769,36015,"Chemung, NY",Chemung,NY,2024,3978701.0
73770,36017,"Chenango, NY",Chenango,NY,2024,2624182.0
73771,36019,"Clinton, NY",Clinton,NY,2024,3818814.0
73772,36021,"Columbia, NY",Columbia,NY,2024,2988003.0
73773,36023,"Cortland, NY",Cortland,NY,2024,1875298.0
73774,36025,"Delaware, NY",Delaware,NY,2024,2660025.0
73775,36027,"Dutchess, NY",Dutchess,NY,2024,17406909.0
73776,36029,"Erie, NY",Erie,NY,2024,70034849.0
73777,36031,"Essex, NY",Essex,NY,2024,1825198.0
73778,36033,"Franklin, NY",Franklin,NY,2024,1704674.0
73779,36035,"Fulton, NY",Fulton,NY,2024,2069285.0
73780,36037,"Genesee, NY",Genesee,NY,2024,2850633.0
73781,36039,"Greene, NY",Greene,NY,2024,3086867.0
73782,36041,"Hamilton, NY",Hamilton,NY,2024,219909.0
73783,36043,"Herkimer, NY",Herkimer,NY,2024,1960274.0
73784,36045,"Jefferson, NY",Jefferson,NY,2024,4545259.0
73785,36047,"Kings, NY",Kings,NY,2024,126568993.0
73786,36049,"Lewis, NY",Lewis,NY,2024,1410005.0
73787,36051,"Livingston, NY",Livingston,NY,2024,2408121.0
73788,36053,"Madison, NY",Madison,NY,2024,2574129.0
73789,36055,"Monroe, NY",Monroe,NY,2024,59245507.0
73790,36057,"Montgomery, NY",Montgomery,NY,2024,2326258.0
73791,36059,"Nassau, NY",Nassau,NY,2024,117588117.0
73792,36061,"New York, NY",New York,NY,2024,967267394.0
73793,36063,"Niagara, NY",Niagara,NY,2024,11954580.0
73794,36065,"Oneida, NY",Oneida,NY,2024,11250650.0
73795,36067,"Onondaga, NY",Onondaga,NY,2024,36009540.0
73796,36069,"Ontario, NY",Ontario,NY,2024,7723843.0
73797,36071,"Orange, NY",Orange,NY,2024,22871799.0
73798,36073,"Orleans, NY",Orleans,NY,2024,1380747.0
73799,36075,"Oswego, NY",Oswego,NY,2024,8225034.0
73800,36077,"Otsego, NY",Otsego,NY,2024,3005550.0
73801,36079,"Putnam, NY",Putnam,NY,2024,4825731.0
73802,36081,"Queens, NY",Queens,NY,2024,122064942.0
73803,36083,"Rensselaer, NY",Rensselaer,NY,2024,14090907.0
73804,36085,"Richmond, NY",Richmond,NY,2024,20009865.0
73805,36087,"Rockland, NY",Rockland,NY,2024,21670132.0
73806,36089,"St. Lawrence, NY",St. Lawrence,NY,2024,5236374.0
73807,36091,"Saratoga, NY",Saratoga,NY,2024,15100769.0
73808,36093,"Schenectady, NY",Schenectady,NY,2024,10948170.0
73809,36095,"Schoharie, NY",Schoharie,NY,2024,1019797.0
73810,36097,"Schuyler, NY",Schuyler,NY,2024,590730.0
73811,36099,"Seneca, NY",Seneca,NY,2024,1698214.0
73812,36101,"Steuben, NY",Steuben,NY,2024,4882040.0
73813,36103,"Suffolk, NY",Suffolk,NY,2024,120620961.0
73814,36105,"Sullivan, NY",Sullivan,NY,2024,3700851.0
73815,36107,"Tioga, NY",Tioga,NY,2024,1742488.0
73816,36109,"Tompkins, NY",Tompkins,NY,2024,7260114.0
73817,36111,"Ulster, NY",Ulster,NY,2024,8572783.0
73818,36113,"Warren, NY",Warren,NY,2024,6222125.0
73819,36115,"Washington, NY",Washington,NY,2024,2043042.0
73820,36117,"Wayne, NY",Wayne,NY,2024,4386490.0
73821,36119,"Westchester, NY",Westchester,NY,2024,109444008.0
73822,36121,"Wyoming, NY",Wyoming,NY,2024,1747506.0
73823,36123,"Yates, NY",Yates,NY,2024,1224869.0
